;date;time;close
0;2019.01.02;22:59;10575.2
1;2019.01.02;09:00;10500.6
2;2019.01.02;09:01;10499.9
3;2019.01.02;09:02;10496.9
4;2019.01.02;09:03;10497.1
5;2019.01.02;09:04;10491.4
6;2019.01.02;09:05;10486.6
7;2019.01.02;09:06;10480.7
8;2019.01.02;09:07;10480.9
9;2019.01.02;09:08;10484.3
10;2019.01.02;09:09;10477.3
11;2019.01.02;09:10;10479.7
12;2019.01.02;09:11;10478.4
13;2019.01.02;09:12;10477.6
14;2019.01.02;09:13;10477.4
15;2019.01.02;09:14;10476.5
16;2019.01.02;09:15;10473.0
17;2019.01.02;09:16;10476.0
18;2019.01.02;09:17;10479.4
19;2019.01.02;09:18;10477.8
20;2019.01.02;09:19;10476.6
21;2019.01.02;09:20;10474.8
22;2019.01.02;09:21;10476.1
23;2019.01.02;09:22;10479.3
24;2019.01.02;09:23;10483.4
25;2019.01.02;09:24;10489.3
26;2019.01.02;09:25;10484.7
27;2019.01.02;09:26;10483.4
28;2019.01.02;09:27;10485.1
29;2019.01.02;09:28;10489.5
30;2019.01.02;09:29;10489.6
31;2019.01.02;09:30;10486.9
32;2019.01.02;09:31;10485.2
33;2019.01.02;09:32;10486.6
34;2019.01.02;09:33;10489.8
35;2019.01.02;09:34;10490.0
36;2019.01.02;09:35;10490.9
37;2019.01.02;09:36;10498.3
38;2019.01.02;09:37;10494.2
39;2019.01.02;09:38;10498.9
40;2019.01.02;09:39;10502.7
41;2019.01.02;09:40;10500.7
42;2019.01.02;09:41;10500.2
43;2019.01.02;09:42;10504.1
44;2019.01.02;09:43;10504.3
45;2019.01.02;09:44;10504.6
46;2019.01.02;09:45;10503.7
47;2019.01.02;09:46;10501.7
48;2019.01.02;09:47;10500.8
49;2019.01.02;09:48;10498.1
50;2019.01.02;09:49;10496.2
51;2019.01.02;09:50;10494.0
52;2019.01.02;09:51;10493.2
53;2019.01.02;09:52;10493.2
54;2019.01.02;09:53;10495.3
55;2019.01.02;09:54;10501.4
56;2019.01.02;09:55;10493.5
57;2019.01.02;09:56;10493.1
58;2019.01.02;09:57;10499.7
59;2019.01.02;09:58;10500.7
60;2019.01.02;09:59;10510.5
61;2019.01.02;10:00;10490.0
62;2019.01.02;10:01;10480.2
63;2019.01.02;10:02;10475.1
64;2019.01.02;10:03;10476.1
65;2019.01.02;10:04;10481.7
66;2019.01.02;10:05;10465.7
67;2019.01.02;10:06;10452.6
68;2019.01.02;10:07;10446.6
69;2019.01.02;10:08;10445.1
70;2019.01.02;10:09;10459.1
71;2019.01.02;10:10;10447.8
72;2019.01.02;10:11;10452.8
73;2019.01.02;10:12;10436.0
74;2019.01.02;10:13;10436.3
75;2019.01.02;10:14;10433.2
76;2019.01.02;10:15;10437.7
77;2019.01.02;10:16;10440.3
78;2019.01.02;10:17;10436.5
79;2019.01.02;10:18;10426.3
80;2019.01.02;10:19;10420.3
81;2019.01.02;10:20;10408.7
82;2019.01.02;10:21;10397.9
83;2019.01.02;10:22;10398.5
84;2019.01.02;10:23;10392.9
85;2019.01.02;10:24;10389.4
86;2019.01.02;10:25;10398.1
87;2019.01.02;10:26;10399.3
88;2019.01.02;10:27;10402.7
89;2019.01.02;10:28;10407.2
90;2019.01.02;10:29;10408.8
91;2019.01.02;10:30;10401.9
92;2019.01.02;10:31;10410.7
93;2019.01.02;10:32;10412.0
94;2019.01.02;10:33;10407.0
95;2019.01.02;10:34;10418.3
96;2019.01.02;10:35;10417.1
97;2019.01.02;10:36;10425.6
98;2019.01.02;10:37;10420.3
99;2019.01.02;10:38;10432.0
100;2019.01.02;10:39;10428.2
101;2019.01.02;10:40;10420.9
102;2019.01.02;10:41;10414.6
103;2019.01.02;10:42;10415.0
104;2019.01.02;10:43;10425.7
105;2019.01.02;10:44;10416.3
106;2019.01.02;10:45;10425.6
107;2019.01.02;10:46;10442.1
108;2019.01.02;10:47;10432.1
109;2019.01.02;10:48;10436.7
110;2019.01.02;10:49;10440.9
111;2019.01.02;10:50;10448.1
112;2019.01.02;10:51;10433.4
113;2019.01.02;10:52;10434.9
114;2019.01.02;10:53;10435.3
115;2019.01.02;10:54;10428.2
116;2019.01.02;10:55;10417.9
117;2019.01.02;10:56;10423.6
118;2019.01.02;10:57;10426.4
119;2019.01.02;10:58;10426.9
120;2019.01.02;10:59;10435.6
121;2019.01.02;11:00;10428.0
122;2019.01.02;22:59;10638.6
123;2019.01.03;09:00;10507.8
124;2019.01.03;09:01;10514.8
125;2019.01.03;09:02;10519.3
126;2019.01.03;09:03;10513.2
127;2019.01.03;09:04;10518.3
128;2019.01.03;09:05;10519.3
129;2019.01.03;09:06;10517.1
130;2019.01.03;09:07;10519.6
131;2019.01.03;09:08;10515.2
132;2019.01.03;09:09;10508.8
133;2019.01.03;09:10;10511.5
134;2019.01.03;09:11;10512.5
135;2019.01.03;09:12;10514.7
136;2019.01.03;09:13;10512.5
137;2019.01.03;09:14;10512.0
138;2019.01.03;09:15;10507.2
139;2019.01.03;09:16;10501.8
140;2019.01.03;09:17;10493.3
141;2019.01.03;09:18;10489.7
142;2019.01.03;09:19;10490.4
143;2019.01.03;09:20;10494.9
144;2019.01.03;09:21;10495.4
145;2019.01.03;09:22;10494.5
146;2019.01.03;09:23;10495.3
147;2019.01.03;09:24;10498.4
148;2019.01.03;09:25;10493.2
149;2019.01.03;09:26;10492.4
150;2019.01.03;09:27;10491.2
151;2019.01.03;09:28;10492.3
152;2019.01.03;09:29;10491.4
153;2019.01.03;09:30;10492.3
154;2019.01.03;09:31;10493.7
155;2019.01.03;09:32;10490.4
156;2019.01.03;09:33;10487.7
157;2019.01.03;09:34;10490.9
158;2019.01.03;09:35;10488.3
159;2019.01.03;09:36;10490.2
160;2019.01.03;09:37;10494.9
161;2019.01.03;09:38;10498.7
162;2019.01.03;09:39;10495.3
163;2019.01.03;09:40;10497.0
164;2019.01.03;09:41;10504.7
165;2019.01.03;09:42;10497.0
166;2019.01.03;09:43;10500.7
167;2019.01.03;09:44;10501.0
168;2019.01.03;09:45;10498.3
169;2019.01.03;09:46;10497.0
170;2019.01.03;09:47;10497.6
171;2019.01.03;09:48;10497.2
172;2019.01.03;09:49;10501.5
173;2019.01.03;09:50;10500.2
174;2019.01.03;09:51;10495.1
175;2019.01.03;09:52;10499.5
176;2019.01.03;09:53;10499.6
177;2019.01.03;09:54;10500.3
178;2019.01.03;09:55;10497.4
179;2019.01.03;09:56;10501.2
180;2019.01.03;09:57;10496.2
181;2019.01.03;09:58;10499.6
182;2019.01.03;09:59;10476.3
183;2019.01.03;10:00;10474.4
184;2019.01.03;10:01;10470.2
185;2019.01.03;10:02;10467.3
186;2019.01.03;10:03;10473.9
187;2019.01.03;10:04;10482.5
188;2019.01.03;10:05;10486.8
189;2019.01.03;10:06;10489.5
190;2019.01.03;10:07;10492.3
191;2019.01.03;10:08;10500.4
192;2019.01.03;10:09;10508.5
193;2019.01.03;10:10;10509.3
194;2019.01.03;10:11;10508.5
195;2019.01.03;10:12;10504.7
196;2019.01.03;10:13;10506.2
197;2019.01.03;10:14;10509.6
198;2019.01.03;10:15;10501.1
199;2019.01.03;10:16;10489.6
200;2019.01.03;10:17;10483.3
201;2019.01.03;10:18;10489.3
202;2019.01.03;10:19;10486.1
203;2019.01.03;10:20;10483.8
204;2019.01.03;10:21;10487.7
205;2019.01.03;10:22;10491.4
206;2019.01.03;10:23;10504.1
207;2019.01.03;10:24;10506.9
208;2019.01.03;10:25;10507.9
209;2019.01.03;10:26;10507.0
210;2019.01.03;10:27;10510.9
211;2019.01.03;10:28;10516.4
212;2019.01.03;10:29;10518.9
213;2019.01.03;10:30;10524.9
214;2019.01.03;10:31;10523.9
215;2019.01.03;10:32;10526.1
216;2019.01.03;10:33;10524.4
217;2019.01.03;10:34;10529.4
218;2019.01.03;10:35;10521.4
219;2019.01.03;10:36;10526.4
220;2019.01.03;10:37;10524.9
221;2019.01.03;10:38;10520.0
222;2019.01.03;10:39;10519.3
223;2019.01.03;10:40;10515.6
224;2019.01.03;10:41;10514.6
225;2019.01.03;10:42;10510.6
226;2019.01.03;10:43;10507.7
227;2019.01.03;10:44;10512.9
228;2019.01.03;10:45;10520.3
229;2019.01.03;10:46;10521.1
230;2019.01.03;10:47;10518.3
231;2019.01.03;10:48;10509.6
232;2019.01.03;10:49;10500.7
233;2019.01.03;10:50;10493.7
234;2019.01.03;10:51;10494.7
235;2019.01.03;10:52;10489.7
236;2019.01.03;10:53;10490.4
237;2019.01.03;10:54;10476.7
238;2019.01.03;10:55;10483.2
239;2019.01.03;10:56;10482.2
240;2019.01.03;10:57;10484.7
241;2019.01.03;10:58;10487.2
242;2019.01.03;10:59;10485.7
243;2019.01.03;11:00;10491.6
244;2019.01.03;22:59;10422.9
245;2019.01.04;09:00;10533.1
246;2019.01.04;09:01;10537.3
247;2019.01.04;09:02;10537.4
248;2019.01.04;09:03;10537.9
249;2019.01.04;09:04;10537.7
250;2019.01.04;09:05;10531.8
251;2019.01.04;09:06;10528.0
252;2019.01.04;09:07;10529.9
253;2019.01.04;09:08;10529.0
254;2019.01.04;09:09;10532.7
255;2019.01.04;09:10;10529.1
256;2019.01.04;09:11;10531.9
257;2019.01.04;09:12;10537.7
258;2019.01.04;09:13;10536.8
259;2019.01.04;09:14;10537.8
260;2019.01.04;09:15;10539.2
261;2019.01.04;09:16;10533.5
262;2019.01.04;09:17;10533.8
263;2019.01.04;09:18;10533.6
264;2019.01.04;09:19;10533.8
265;2019.01.04;09:20;10529.8
266;2019.01.04;09:21;10532.3
267;2019.01.04;09:22;10530.9
268;2019.01.04;09:23;10534.1
269;2019.01.04;09:24;10529.4
270;2019.01.04;09:25;10529.0
271;2019.01.04;09:26;10529.0
272;2019.01.04;09:27;10522.3
273;2019.01.04;09:28;10519.0
274;2019.01.04;09:29;10520.9
275;2019.01.04;09:30;10522.5
276;2019.01.04;09:31;10521.5
277;2019.01.04;09:32;10523.5
278;2019.01.04;09:33;10523.1
279;2019.01.04;09:34;10529.3
280;2019.01.04;09:35;10524.1
281;2019.01.04;09:36;10524.9
282;2019.01.04;09:37;10518.9
283;2019.01.04;09:38;10518.4
284;2019.01.04;09:39;10513.5
285;2019.01.04;09:40;10513.9
286;2019.01.04;09:41;10514.1
287;2019.01.04;09:42;10512.3
288;2019.01.04;09:43;10512.0
289;2019.01.04;09:44;10509.8
290;2019.01.04;09:45;10511.4
291;2019.01.04;09:46;10512.8
292;2019.01.04;09:47;10510.6
293;2019.01.04;09:48;10508.9
294;2019.01.04;09:49;10513.1
295;2019.01.04;09:50;10514.8
296;2019.01.04;09:51;10516.2
297;2019.01.04;09:52;10515.1
298;2019.01.04;09:53;10515.5
299;2019.01.04;09:54;10515.0
300;2019.01.04;09:55;10524.6
301;2019.01.04;09:56;10524.2
302;2019.01.04;09:57;10529.9
303;2019.01.04;09:58;10526.5
304;2019.01.04;09:59;10525.5
305;2019.01.04;10:00;10521.9
306;2019.01.04;10:01;10529.5
307;2019.01.04;10:02;10536.5
308;2019.01.04;10:03;10542.7
309;2019.01.04;10:04;10543.4
310;2019.01.04;10:05;10543.9
311;2019.01.04;10:06;10541.2
312;2019.01.04;10:07;10536.5
313;2019.01.04;10:08;10535.9
314;2019.01.04;10:09;10535.7
315;2019.01.04;10:10;10533.9
316;2019.01.04;10:11;10528.6
317;2019.01.04;10:12;10515.8
318;2019.01.04;10:13;10520.5
319;2019.01.04;10:14;10519.9
320;2019.01.04;10:15;10514.4
321;2019.01.04;10:16;10513.4
322;2019.01.04;10:17;10516.8
323;2019.01.04;10:18;10521.0
324;2019.01.04;10:19;10519.7
325;2019.01.04;10:20;10528.6
326;2019.01.04;10:21;10531.0
327;2019.01.04;10:22;10532.3
328;2019.01.04;10:23;10525.6
329;2019.01.04;10:24;10520.5
330;2019.01.04;10:25;10517.7
331;2019.01.04;10:26;10518.0
332;2019.01.04;10:27;10517.3
333;2019.01.04;10:28;10520.7
334;2019.01.04;10:29;10525.7
335;2019.01.04;10:30;10522.2
336;2019.01.04;10:31;10521.6
337;2019.01.04;10:32;10521.7
338;2019.01.04;10:33;10514.8
339;2019.01.04;10:34;10486.2
340;2019.01.04;10:35;10502.8
341;2019.01.04;10:36;10509.5
342;2019.01.04;10:37;10510.2
343;2019.01.04;10:38;10509.2
344;2019.01.04;10:39;10510.0
345;2019.01.04;10:40;10513.2
346;2019.01.04;10:41;10511.2
347;2019.01.04;10:42;10513.3
348;2019.01.04;10:43;10513.7
349;2019.01.04;10:44;10507.5
350;2019.01.04;10:45;10507.0
351;2019.01.04;10:46;10505.6
352;2019.01.04;10:47;10502.0
353;2019.01.04;10:48;10505.0
354;2019.01.04;10:49;10507.6
355;2019.01.04;10:50;10501.4
356;2019.01.04;10:51;10505.2
357;2019.01.04;10:52;10505.6
358;2019.01.04;10:53;10507.2
359;2019.01.04;10:54;10503.7
360;2019.01.04;10:55;10508.8
361;2019.01.04;10:56;10515.1
362;2019.01.04;10:57;10525.7
363;2019.01.04;10:58;10526.3
364;2019.01.04;10:59;10531.1
365;2019.01.04;11:00;10525.2
366;2019.01.07;22:59;10805.9
367;2019.01.07;09:00;10809.8
368;2019.01.07;09:01;10816.4
369;2019.01.07;09:02;10809.8
370;2019.01.07;09:03;10810.8
371;2019.01.07;09:04;10811.9
372;2019.01.07;09:05;10812.9
373;2019.01.07;09:06;10812.9
374;2019.01.07;09:07;10814.4
375;2019.01.07;09:08;10811.6
376;2019.01.07;09:09;10814.4
377;2019.01.07;09:10;10820.2
378;2019.01.07;09:11;10819.6
379;2019.01.07;09:12;10822.4
380;2019.01.07;09:13;10823.9
381;2019.01.07;09:14;10825.4
382;2019.01.07;09:15;10824.9
383;2019.01.07;09:16;10821.5
384;2019.01.07;09:17;10821.4
385;2019.01.07;09:18;10823.6
386;2019.01.07;09:19;10836.8
387;2019.01.07;09:20;10834.2
388;2019.01.07;09:21;10832.2
389;2019.01.07;09:22;10834.0
390;2019.01.07;09:23;10834.2
391;2019.01.07;09:24;10828.2
392;2019.01.07;09:25;10833.5
393;2019.01.07;09:26;10835.5
394;2019.01.07;09:27;10831.2
395;2019.01.07;09:28;10829.4
396;2019.01.07;09:29;10831.1
397;2019.01.07;09:30;10829.6
398;2019.01.07;09:31;10831.9
399;2019.01.07;09:32;10839.3
400;2019.01.07;09:33;10834.5
401;2019.01.07;09:34;10832.4
402;2019.01.07;09:35;10824.9
403;2019.01.07;09:36;10822.7
404;2019.01.07;09:37;10820.9
405;2019.01.07;09:38;10820.9
406;2019.01.07;09:39;10821.6
407;2019.01.07;09:40;10822.5
408;2019.01.07;09:41;10823.7
409;2019.01.07;09:42;10821.8
410;2019.01.07;09:43;10822.4
411;2019.01.07;09:44;10826.4
412;2019.01.07;09:45;10826.7
413;2019.01.07;09:46;10832.4
414;2019.01.07;09:47;10831.8
415;2019.01.07;09:48;10835.3
416;2019.01.07;09:49;10834.4
417;2019.01.07;09:50;10839.9
418;2019.01.07;09:51;10836.0
419;2019.01.07;09:52;10837.4
420;2019.01.07;09:53;10836.0
421;2019.01.07;09:54;10833.0
422;2019.01.07;09:55;10834.7
423;2019.01.07;09:56;10837.2
424;2019.01.07;09:57;10835.0
425;2019.01.07;09:58;10834.4
426;2019.01.07;09:59;10835.3
427;2019.01.07;10:00;10820.0
428;2019.01.07;10:01;10818.7
429;2019.01.07;10:02;10802.1
430;2019.01.07;10:03;10800.5
431;2019.01.07;10:04;10795.5
432;2019.01.07;10:05;10795.5
433;2019.01.07;10:06;10787.8
434;2019.01.07;10:07;10792.1
435;2019.01.07;10:08;10798.0
436;2019.01.07;10:09;10796.3
437;2019.01.07;10:10;10804.9
438;2019.01.07;10:11;10799.6
439;2019.01.07;10:12;10797.5
440;2019.01.07;10:13;10800.7
441;2019.01.07;10:14;10789.5
442;2019.01.07;10:15;10785.8
443;2019.01.07;10:16;10782.9
444;2019.01.07;10:17;10782.9
445;2019.01.07;10:18;10779.2
446;2019.01.07;10:19;10778.2
447;2019.01.07;10:20;10774.7
448;2019.01.07;10:21;10786.2
449;2019.01.07;10:22;10793.3
450;2019.01.07;10:23;10789.3
451;2019.01.07;10:24;10785.5
452;2019.01.07;10:25;10785.4
453;2019.01.07;10:26;10785.5
454;2019.01.07;10:27;10788.1
455;2019.01.07;10:28;10789.1
456;2019.01.07;10:29;10790.6
457;2019.01.07;10:30;10790.8
458;2019.01.07;10:31;10797.7
459;2019.01.07;10:32;10796.0
460;2019.01.07;10:33;10792.6
461;2019.01.07;10:34;10785.7
462;2019.01.07;10:35;10785.6
463;2019.01.07;10:36;10778.0
464;2019.01.07;10:37;10777.4
465;2019.01.07;10:38;10771.0
466;2019.01.07;10:39;10770.5
467;2019.01.07;10:40;10768.5
468;2019.01.07;10:41;10771.2
469;2019.01.07;10:42;10777.7
470;2019.01.07;10:43;10782.6
471;2019.01.07;10:44;10786.6
472;2019.01.07;10:45;10779.0
473;2019.01.07;10:46;10772.9
474;2019.01.07;10:47;10770.8
475;2019.01.07;10:48;10770.3
476;2019.01.07;10:49;10769.6
477;2019.01.07;10:50;10777.9
478;2019.01.07;10:51;10773.2
479;2019.01.07;10:52;10770.9
480;2019.01.07;10:53;10757.1
481;2019.01.07;10:54;10762.8
482;2019.01.07;10:55;10758.8
483;2019.01.07;10:56;10761.6
484;2019.01.07;10:57;10766.4
485;2019.01.07;10:58;10762.3
486;2019.01.07;10:59;10757.6
487;2019.01.07;11:00;10772.6
488;2019.01.07;22:59;10742.9
489;2019.01.08;09:00;10761.7
490;2019.01.08;09:01;10753.1
491;2019.01.08;09:02;10753.2
492;2019.01.08;09:03;10751.2
493;2019.01.08;09:04;10753.4
494;2019.01.08;09:05;10756.8
495;2019.01.08;09:06;10757.0
496;2019.01.08;09:07;10760.1
497;2019.01.08;09:08;10759.9
498;2019.01.08;09:09;10766.0
499;2019.01.08;09:10;10766.9
500;2019.01.08;09:11;10763.6
501;2019.01.08;09:12;10767.2
502;2019.01.08;09:13;10765.0
503;2019.01.08;09:14;10764.5
504;2019.01.08;09:15;10768.4
505;2019.01.08;09:16;10771.8
506;2019.01.08;09:17;10770.9
507;2019.01.08;09:18;10767.2
508;2019.01.08;09:19;10767.5
509;2019.01.08;09:20;10766.7
510;2019.01.08;09:21;10764.7
511;2019.01.08;09:22;10762.2
512;2019.01.08;09:23;10764.1
513;2019.01.08;09:24;10763.6
514;2019.01.08;09:25;10763.9
515;2019.01.08;09:26;10761.9
516;2019.01.08;09:27;10762.5
517;2019.01.08;09:28;10762.4
518;2019.01.08;09:29;10761.9
519;2019.01.08;09:30;10760.5
520;2019.01.08;09:31;10761.6
521;2019.01.08;09:32;10760.7
522;2019.01.08;09:33;10759.9
523;2019.01.08;09:34;10759.4
524;2019.01.08;09:35;10760.1
525;2019.01.08;09:36;10759.5
526;2019.01.08;09:37;10758.8
527;2019.01.08;09:38;10754.4
528;2019.01.08;09:39;10753.8
529;2019.01.08;09:40;10752.7
530;2019.01.08;09:41;10754.9
531;2019.01.08;09:42;10755.1
532;2019.01.08;09:43;10754.4
533;2019.01.08;09:44;10750.0
534;2019.01.08;09:45;10752.0
535;2019.01.08;09:46;10745.6
536;2019.01.08;09:47;10745.8
537;2019.01.08;09:48;10748.1
538;2019.01.08;09:49;10745.2
539;2019.01.08;09:50;10747.2
540;2019.01.08;09:51;10748.5
541;2019.01.08;09:52;10749.4
542;2019.01.08;09:53;10748.5
543;2019.01.08;09:54;10746.4
544;2019.01.08;09:55;10743.7
545;2019.01.08;09:56;10744.5
546;2019.01.08;09:57;10745.2
547;2019.01.08;09:58;10746.5
548;2019.01.08;09:59;10744.8
549;2019.01.08;10:00;10746.3
550;2019.01.08;10:01;10755.1
551;2019.01.08;10:02;10756.7
552;2019.01.08;10:03;10761.3
553;2019.01.08;10:04;10768.4
554;2019.01.08;10:05;10767.7
555;2019.01.08;10:06;10764.5
556;2019.01.08;10:07;10767.9
557;2019.01.08;10:08;10766.5
558;2019.01.08;10:09;10772.0
559;2019.01.08;10:10;10778.5
560;2019.01.08;10:11;10776.6
561;2019.01.08;10:12;10781.0
562;2019.01.08;10:13;10780.6
563;2019.01.08;10:14;10777.4
564;2019.01.08;10:15;10774.2
565;2019.01.08;10:16;10777.0
566;2019.01.08;10:17;10784.4
567;2019.01.08;10:18;10787.9
568;2019.01.08;10:19;10785.2
569;2019.01.08;10:20;10787.7
570;2019.01.08;10:21;10787.2
571;2019.01.08;10:22;10789.8
572;2019.01.08;10:23;10796.7
573;2019.01.08;10:24;10793.8
574;2019.01.08;10:25;10791.3
575;2019.01.08;10:26;10793.3
576;2019.01.08;10:27;10796.1
577;2019.01.08;10:28;10794.8
578;2019.01.08;10:29;10798.2
579;2019.01.08;10:30;10800.6
580;2019.01.08;10:31;10800.3
581;2019.01.08;10:32;10798.3
582;2019.01.08;10:33;10804.2
583;2019.01.08;10:34;10800.8
584;2019.01.08;10:35;10799.3
585;2019.01.08;10:36;10803.4
586;2019.01.08;10:37;10807.5
587;2019.01.08;10:38;10800.3
588;2019.01.08;10:39;10804.3
589;2019.01.08;10:40;10803.5
590;2019.01.08;10:41;10796.8
591;2019.01.08;10:42;10791.3
592;2019.01.08;10:43;10790.8
593;2019.01.08;10:44;10797.3
594;2019.01.08;10:45;10804.5
595;2019.01.08;10:46;10807.2
596;2019.01.08;10:47;10805.8
597;2019.01.08;10:48;10811.3
598;2019.01.08;10:49;10804.3
599;2019.01.08;10:50;10801.4
600;2019.01.08;10:51;10803.1
601;2019.01.08;10:52;10803.9
602;2019.01.08;10:53;10808.9
603;2019.01.08;10:54;10798.7
604;2019.01.08;10:55;10797.0
605;2019.01.08;10:56;10794.0
606;2019.01.08;10:57;10796.8
607;2019.01.08;10:58;10807.5
608;2019.01.08;10:59;10807.0
609;2019.01.08;11:00;10812.1
610;2019.01.08;22:59;10844.5
611;2019.01.09;09:00;10907.5
612;2019.01.09;09:01;10907.8
613;2019.01.09;09:02;10909.3
614;2019.01.09;09:03;10911.0
615;2019.01.09;09:04;10909.3
616;2019.01.09;09:05;10907.0
617;2019.01.09;09:06;10906.8
618;2019.01.09;09:07;10908.3
619;2019.01.09;09:08;10904.5
620;2019.01.09;09:09;10905.4
621;2019.01.09;09:10;10907.1
622;2019.01.09;09:11;10910.9
623;2019.01.09;09:12;10912.9
624;2019.01.09;09:13;10919.4
625;2019.01.09;09:14;10920.1
626;2019.01.09;09:15;10924.3
627;2019.01.09;09:16;10923.8
628;2019.01.09;09:17;10916.7
629;2019.01.09;09:18;10923.7
630;2019.01.09;09:19;10919.4
631;2019.01.09;09:20;10917.5
632;2019.01.09;09:21;10916.3
633;2019.01.09;09:22;10921.7
634;2019.01.09;09:23;10921.9
635;2019.01.09;09:24;10922.9
636;2019.01.09;09:25;10921.7
637;2019.01.09;09:26;10919.7
638;2019.01.09;09:27;10918.4
639;2019.01.09;09:28;10919.0
640;2019.01.09;09:29;10919.5
641;2019.01.09;09:30;10918.2
642;2019.01.09;09:31;10912.6
643;2019.01.09;09:32;10911.5
644;2019.01.09;09:33;10913.4
645;2019.01.09;09:34;10914.8
646;2019.01.09;09:35;10914.3
647;2019.01.09;09:36;10912.2
648;2019.01.09;09:37;10911.0
649;2019.01.09;09:38;10917.0
650;2019.01.09;09:39;10912.3
651;2019.01.09;09:40;10908.8
652;2019.01.09;09:41;10902.2
653;2019.01.09;09:42;10898.7
654;2019.01.09;09:43;10901.3
655;2019.01.09;09:44;10897.5
656;2019.01.09;09:45;10897.7
657;2019.01.09;09:46;10895.2
658;2019.01.09;09:47;10895.5
659;2019.01.09;09:48;10897.2
660;2019.01.09;09:49;10898.2
661;2019.01.09;09:50;10896.3
662;2019.01.09;09:51;10896.3
663;2019.01.09;09:52;10895.7
664;2019.01.09;09:53;10886.7
665;2019.01.09;09:54;10885.7
666;2019.01.09;09:55;10881.8
667;2019.01.09;09:56;10874.2
668;2019.01.09;09:57;10877.7
669;2019.01.09;09:58;10876.5
670;2019.01.09;09:59;10884.6
671;2019.01.09;10:00;10882.9
672;2019.01.09;10:01;10889.1
673;2019.01.09;10:02;10881.4
674;2019.01.09;10:03;10882.3
675;2019.01.09;10:04;10879.1
676;2019.01.09;10:05;10868.1
677;2019.01.09;10:06;10855.3
678;2019.01.09;10:07;10861.8
679;2019.01.09;10:08;10878.1
680;2019.01.09;10:09;10870.7
681;2019.01.09;10:10;10879.4
682;2019.01.09;10:11;10879.7
683;2019.01.09;10:12;10874.1
684;2019.01.09;10:13;10877.9
685;2019.01.09;10:14;10875.5
686;2019.01.09;10:15;10872.7
687;2019.01.09;10:16;10871.4
688;2019.01.09;10:17;10879.3
689;2019.01.09;10:18;10891.0
690;2019.01.09;10:19;10887.8
691;2019.01.09;10:20;10885.8
692;2019.01.09;10:21;10879.8
693;2019.01.09;10:22;10882.6
694;2019.01.09;10:23;10880.2
695;2019.01.09;10:24;10878.3
696;2019.01.09;10:25;10876.2
697;2019.01.09;10:26;10875.2
698;2019.01.09;10:27;10876.2
699;2019.01.09;10:28;10882.0
700;2019.01.09;10:29;10884.8
701;2019.01.09;10:30;10879.7
702;2019.01.09;10:31;10885.2
703;2019.01.09;10:32;10879.7
704;2019.01.09;10:33;10882.1
705;2019.01.09;10:34;10878.5
706;2019.01.09;10:35;10878.1
707;2019.01.09;10:36;10882.5
708;2019.01.09;10:37;10884.0
709;2019.01.09;10:38;10887.2
710;2019.01.09;10:39;10889.6
711;2019.01.09;10:40;10904.1
712;2019.01.09;10:41;10906.5
713;2019.01.09;10:42;10910.0
714;2019.01.09;10:43;10907.9
715;2019.01.09;10:44;10911.9
716;2019.01.09;10:45;10910.4
717;2019.01.09;10:46;10916.6
718;2019.01.09;10:47;10917.8
719;2019.01.09;10:48;10923.4
720;2019.01.09;10:49;10923.6
721;2019.01.09;10:50;10926.4
722;2019.01.09;10:51;10927.3
723;2019.01.09;10:52;10932.5
724;2019.01.09;10:53;10930.5
725;2019.01.09;10:54;10928.7
726;2019.01.09;10:55;10928.6
727;2019.01.09;10:56;10925.3
728;2019.01.09;10:57;10925.9
729;2019.01.09;10:58;10925.4
730;2019.01.09;10:59;10925.6
731;2019.01.09;11:00;10928.7
732;2019.01.09;22:59;10899.8
733;2019.01.10;09:00;10832.1
734;2019.01.10;09:01;10834.1
735;2019.01.10;09:02;10833.1
736;2019.01.10;09:03;10830.3
737;2019.01.10;09:04;10820.9
738;2019.01.10;09:05;10822.7
739;2019.01.10;09:06;10820.5
740;2019.01.10;09:07;10818.2
741;2019.01.10;09:08;10819.2
742;2019.01.10;09:09;10819.8
743;2019.01.10;09:10;10821.8
744;2019.01.10;09:11;10826.2
745;2019.01.10;09:12;10822.8
746;2019.01.10;09:13;10823.0
747;2019.01.10;09:14;10823.8
748;2019.01.10;09:15;10829.7
749;2019.01.10;09:16;10829.3
750;2019.01.10;09:17;10826.0
751;2019.01.10;09:18;10831.4
752;2019.01.10;09:19;10829.0
753;2019.01.10;09:20;10831.8
754;2019.01.10;09:21;10828.4
755;2019.01.10;09:22;10832.9
756;2019.01.10;09:23;10831.9
757;2019.01.10;09:24;10828.7
758;2019.01.10;09:25;10827.4
759;2019.01.10;09:26;10833.7
760;2019.01.10;09:27;10833.8
761;2019.01.10;09:28;10833.7
762;2019.01.10;09:29;10832.0
763;2019.01.10;09:30;10831.3
764;2019.01.10;09:31;10832.8
765;2019.01.10;09:32;10833.3
766;2019.01.10;09:33;10832.9
767;2019.01.10;09:34;10833.1
768;2019.01.10;09:35;10833.5
769;2019.01.10;09:36;10832.8
770;2019.01.10;09:37;10834.5
771;2019.01.10;09:38;10831.5
772;2019.01.10;09:39;10832.2
773;2019.01.10;09:40;10828.9
774;2019.01.10;09:41;10829.2
775;2019.01.10;09:42;10826.3
776;2019.01.10;09:43;10826.0
777;2019.01.10;09:44;10828.0
778;2019.01.10;09:45;10825.9
779;2019.01.10;09:46;10824.4
780;2019.01.10;09:47;10822.8
781;2019.01.10;09:48;10820.9
782;2019.01.10;09:49;10820.2
783;2019.01.10;09:50;10819.9
784;2019.01.10;09:51;10816.4
785;2019.01.10;09:52;10815.1
786;2019.01.10;09:53;10819.6
787;2019.01.10;09:54;10822.2
788;2019.01.10;09:55;10823.9
789;2019.01.10;09:56;10822.2
790;2019.01.10;09:57;10820.4
791;2019.01.10;09:58;10821.2
792;2019.01.10;09:59;10823.1
793;2019.01.10;10:00;10849.8
794;2019.01.10;10:01;10851.0
795;2019.01.10;10:02;10841.9
796;2019.01.10;10:03;10830.0
797;2019.01.10;10:04;10830.6
798;2019.01.10;10:05;10813.8
799;2019.01.10;10:06;10799.6
800;2019.01.10;10:07;10792.6
801;2019.01.10;10:08;10791.4
802;2019.01.10;10:09;10788.6
803;2019.01.10;10:10;10795.1
804;2019.01.10;10:11;10805.8
805;2019.01.10;10:12;10806.7
806;2019.01.10;10:13;10809.8
807;2019.01.10;10:14;10816.3
808;2019.01.10;10:15;10811.3
809;2019.01.10;10:16;10811.8
810;2019.01.10;10:17;10802.8
811;2019.01.10;10:18;10799.3
812;2019.01.10;10:19;10808.1
813;2019.01.10;10:20;10809.5
814;2019.01.10;10:21;10802.7
815;2019.01.10;10:22;10809.2
816;2019.01.10;10:23;10805.1
817;2019.01.10;10:24;10807.1
818;2019.01.10;10:25;10818.3
819;2019.01.10;10:26;10816.7
820;2019.01.10;10:27;10816.2
821;2019.01.10;10:28;10820.7
822;2019.01.10;10:29;10826.6
823;2019.01.10;10:30;10836.3
824;2019.01.10;10:31;10834.1
825;2019.01.10;10:32;10829.0
826;2019.01.10;10:33;10827.1
827;2019.01.10;10:34;10825.2
828;2019.01.10;10:35;10823.0
829;2019.01.10;10:36;10822.5
830;2019.01.10;10:37;10825.3
831;2019.01.10;10:38;10834.2
832;2019.01.10;10:39;10843.9
833;2019.01.10;10:40;10837.9
834;2019.01.10;10:41;10836.0
835;2019.01.10;10:42;10834.0
836;2019.01.10;10:43;10824.3
837;2019.01.10;10:44;10810.1
838;2019.01.10;10:45;10800.1
839;2019.01.10;10:46;10803.6
840;2019.01.10;10:47;10815.5
841;2019.01.10;10:48;10823.2
842;2019.01.10;10:49;10825.6
843;2019.01.10;10:50;10818.8
844;2019.01.10;10:51;10812.6
845;2019.01.10;10:52;10815.6
846;2019.01.10;10:53;10813.9
847;2019.01.10;10:54;10820.1
848;2019.01.10;10:55;10828.3
849;2019.01.10;10:56;10829.7
850;2019.01.10;10:57;10823.2
851;2019.01.10;10:58;10822.5
852;2019.01.10;10:59;10821.3
853;2019.01.10;11:00;10828.6
854;2019.01.10;22:59;10969.4
855;2019.01.11;09:00;10941.9
856;2019.01.11;09:01;10944.2
857;2019.01.11;09:02;10942.9
858;2019.01.11;09:03;10946.4
859;2019.01.11;09:04;10949.9
860;2019.01.11;09:05;10953.1
861;2019.01.11;09:06;10954.9
862;2019.01.11;09:07;10958.4
863;2019.01.11;09:08;10952.9
864;2019.01.11;09:09;10955.1
865;2019.01.11;09:10;10958.5
866;2019.01.11;09:11;10958.6
867;2019.01.11;09:12;10960.3
868;2019.01.11;09:13;10959.3
869;2019.01.11;09:14;10955.8
870;2019.01.11;09:15;10955.9
871;2019.01.11;09:16;10953.9
872;2019.01.11;09:17;10953.6
873;2019.01.11;09:18;10949.6
874;2019.01.11;09:19;10953.2
875;2019.01.11;09:20;10961.4
876;2019.01.11;09:21;10959.4
877;2019.01.11;09:22;10960.4
878;2019.01.11;09:23;10959.8
879;2019.01.11;09:24;10956.0
880;2019.01.11;09:25;10953.4
881;2019.01.11;09:26;10952.1
882;2019.01.11;09:27;10953.6
883;2019.01.11;09:28;10950.9
884;2019.01.11;09:29;10952.9
885;2019.01.11;09:30;10952.4
886;2019.01.11;09:31;10953.4
887;2019.01.11;09:32;10951.4
888;2019.01.11;09:33;10950.1
889;2019.01.11;09:34;10949.6
890;2019.01.11;09:35;10948.5
891;2019.01.11;09:36;10951.1
892;2019.01.11;09:37;10946.1
893;2019.01.11;09:38;10948.2
894;2019.01.11;09:39;10946.9
895;2019.01.11;09:40;10948.8
896;2019.01.11;09:41;10947.6
897;2019.01.11;09:42;10948.3
898;2019.01.11;09:43;10943.9
899;2019.01.11;09:44;10941.4
900;2019.01.11;09:45;10943.1
901;2019.01.11;09:46;10941.2
902;2019.01.11;09:47;10942.7
903;2019.01.11;09:48;10945.2
904;2019.01.11;09:49;10940.2
905;2019.01.11;09:50;10939.5
906;2019.01.11;09:51;10941.0
907;2019.01.11;09:52;10939.7
908;2019.01.11;09:53;10941.2
909;2019.01.11;09:54;10942.2
910;2019.01.11;09:55;10944.2
911;2019.01.11;09:56;10943.7
912;2019.01.11;09:57;10941.2
913;2019.01.11;09:58;10943.1
914;2019.01.11;09:59;10948.4
915;2019.01.11;10:00;10953.5
916;2019.01.11;10:01;10949.2
917;2019.01.11;10:02;10936.0
918;2019.01.11;10:03;10939.0
919;2019.01.11;10:04;10938.4
920;2019.01.11;10:05;10924.8
921;2019.01.11;10:06;10916.0
922;2019.01.11;10:07;10919.1
923;2019.01.11;10:08;10924.9
924;2019.01.11;10:09;10932.1
925;2019.01.11;10:10;10924.6
926;2019.01.11;10:11;10925.6
927;2019.01.11;10:12;10932.5
928;2019.01.11;10:13;10926.5
929;2019.01.11;10:14;10919.3
930;2019.01.11;10:15;10916.8
931;2019.01.11;10:16;10925.3
932;2019.01.11;10:17;10924.6
933;2019.01.11;10:18;10928.5
934;2019.01.11;10:19;10931.0
935;2019.01.11;10:20;10931.3
936;2019.01.11;10:21;10931.8
937;2019.01.11;10:22;10932.7
938;2019.01.11;10:23;10932.4
939;2019.01.11;10:24;10923.5
940;2019.01.11;10:25;10930.7
941;2019.01.11;10:26;10934.1
942;2019.01.11;10:27;10934.0
943;2019.01.11;10:28;10938.4
944;2019.01.11;10:29;10941.7
945;2019.01.11;10:30;10931.3
946;2019.01.11;10:31;10933.9
947;2019.01.11;10:32;10938.3
948;2019.01.11;10:33;10936.5
949;2019.01.11;10:34;10937.0
950;2019.01.11;10:35;10939.9
951;2019.01.11;10:36;10937.6
952;2019.01.11;10:37;10931.5
953;2019.01.11;10:38;10932.0
954;2019.01.11;10:39;10932.1
955;2019.01.11;10:40;10931.6
956;2019.01.11;10:41;10926.3
957;2019.01.11;10:42;10925.0
958;2019.01.11;10:43;10923.8
959;2019.01.11;10:44;10923.0
960;2019.01.11;10:45;10921.4
961;2019.01.11;10:46;10922.6
962;2019.01.11;10:47;10931.9
963;2019.01.11;10:48;10935.0
964;2019.01.11;10:49;10936.7
965;2019.01.11;10:50;10936.4
966;2019.01.11;10:51;10936.4
967;2019.01.11;10:52;10937.9
968;2019.01.11;10:53;10944.5
969;2019.01.11;10:54;10944.2
970;2019.01.11;10:55;10949.5
971;2019.01.11;10:56;10948.1
972;2019.01.11;10:57;10952.8
973;2019.01.11;10:58;10951.5
974;2019.01.11;10:59;10950.2
975;2019.01.11;11:00;10946.2
976;2019.01.14;22:59;10892.4
977;2019.01.14;09:00;10816.7
978;2019.01.14;09:01;10806.8
979;2019.01.14;09:02;10811.1
980;2019.01.14;09:03;10813.9
981;2019.01.14;09:04;10816.1
982;2019.01.14;09:05;10815.7
983;2019.01.14;09:06;10815.3
984;2019.01.14;09:07;10816.3
985;2019.01.14;09:08;10813.6
986;2019.01.14;09:09;10813.1
987;2019.01.14;09:10;10816.3
988;2019.01.14;09:11;10816.5
989;2019.01.14;09:12;10814.0
990;2019.01.14;09:13;10812.5
991;2019.01.14;09:14;10810.5
992;2019.01.14;09:15;10811.7
993;2019.01.14;09:16;10809.2
994;2019.01.14;09:17;10809.3
995;2019.01.14;09:18;10809.3
996;2019.01.14;09:19;10807.7
997;2019.01.14;09:20;10806.1
998;2019.01.14;09:21;10806.8
999;2019.01.14;09:22;10806.8
1000;2019.01.14;09:23;10808.1
1001;2019.01.14;09:24;10805.8
1002;2019.01.14;09:25;10811.3
1003;2019.01.14;09:26;10814.7
1004;2019.01.14;09:27;10814.9
1005;2019.01.14;09:28;10817.1
1006;2019.01.14;09:29;10815.6
1007;2019.01.14;09:30;10819.6
1008;2019.01.14;09:31;10818.8
1009;2019.01.14;09:32;10816.1
1010;2019.01.14;09:33;10816.5
1011;2019.01.14;09:34;10816.9
1012;2019.01.14;09:35;10819.4
1013;2019.01.14;09:36;10817.2
1014;2019.01.14;09:37;10817.6
1015;2019.01.14;09:38;10817.1
1016;2019.01.14;09:39;10815.5
1017;2019.01.14;09:40;10815.5
1018;2019.01.14;09:41;10814.3
1019;2019.01.14;09:42;10811.3
1020;2019.01.14;09:43;10809.8
1021;2019.01.14;09:44;10812.7
1022;2019.01.14;09:45;10814.7
1023;2019.01.14;09:46;10816.8
1024;2019.01.14;09:47;10816.2
1025;2019.01.14;09:48;10816.3
1026;2019.01.14;09:49;10814.4
1027;2019.01.14;09:50;10810.4
1028;2019.01.14;09:51;10811.2
1029;2019.01.14;09:52;10810.2
1030;2019.01.14;09:53;10811.9
1031;2019.01.14;09:54;10813.0
1032;2019.01.14;09:55;10814.3
1033;2019.01.14;09:56;10816.8
1034;2019.01.14;09:57;10816.2
1035;2019.01.14;09:58;10816.0
1036;2019.01.14;09:59;10811.3
1037;2019.01.14;10:00;10822.0
1038;2019.01.14;10:01;10823.2
1039;2019.01.14;10:02;10819.3
1040;2019.01.14;10:03;10821.0
1041;2019.01.14;10:04;10826.5
1042;2019.01.14;10:05;10825.9
1043;2019.01.14;10:06;10829.1
1044;2019.01.14;10:07;10822.1
1045;2019.01.14;10:08;10830.8
1046;2019.01.14;10:09;10828.6
1047;2019.01.14;10:10;10825.6
1048;2019.01.14;10:11;10824.4
1049;2019.01.14;10:12;10822.7
1050;2019.01.14;10:13;10827.5
1051;2019.01.14;10:14;10826.8
1052;2019.01.14;10:15;10821.9
1053;2019.01.14;10:16;10816.9
1054;2019.01.14;10:17;10819.2
1055;2019.01.14;10:18;10825.5
1056;2019.01.14;10:19;10833.0
1057;2019.01.14;10:20;10827.4
1058;2019.01.14;10:21;10822.9
1059;2019.01.14;10:22;10829.2
1060;2019.01.14;10:23;10820.7
1061;2019.01.14;10:24;10823.3
1062;2019.01.14;10:25;10818.6
1063;2019.01.14;10:26;10818.8
1064;2019.01.14;10:27;10819.8
1065;2019.01.14;10:28;10815.4
1066;2019.01.14;10:29;10819.3
1067;2019.01.14;10:30;10822.4
1068;2019.01.14;10:31;10821.4
1069;2019.01.14;10:32;10815.4
1070;2019.01.14;10:33;10821.8
1071;2019.01.14;10:34;10827.5
1072;2019.01.14;10:35;10829.7
1073;2019.01.14;10:36;10828.3
1074;2019.01.14;10:37;10827.5
1075;2019.01.14;10:38;10825.3
1076;2019.01.14;10:39;10827.9
1077;2019.01.14;10:40;10851.8
1078;2019.01.14;10:41;10848.1
1079;2019.01.14;10:42;10849.0
1080;2019.01.14;10:43;10846.5
1081;2019.01.14;10:44;10846.0
1082;2019.01.14;10:45;10846.4
1083;2019.01.14;10:46;10846.5
1084;2019.01.14;10:47;10847.8
1085;2019.01.14;10:48;10848.8
1086;2019.01.14;10:49;10848.6
1087;2019.01.14;10:50;10845.7
1088;2019.01.14;10:51;10839.1
1089;2019.01.14;10:52;10835.3
1090;2019.01.14;10:53;10839.2
1091;2019.01.14;10:54;10839.0
1092;2019.01.14;10:55;10836.9
1093;2019.01.14;10:56;10829.2
1094;2019.01.14;10:57;10829.9
1095;2019.01.14;10:58;10829.2
1096;2019.01.14;10:59;10825.3
1097;2019.01.14;11:00;10823.3
1098;2019.01.14;22:59;10870.0
1099;2019.01.15;09:00;10923.1
1100;2019.01.15;09:01;10926.2
1101;2019.01.15;09:02;10925.7
1102;2019.01.15;09:03;10931.9
1103;2019.01.15;09:04;10930.4
1104;2019.01.15;09:05;10932.6
1105;2019.01.15;09:06;10945.6
1106;2019.01.15;09:07;10941.7
1107;2019.01.15;09:08;10944.7
1108;2019.01.15;09:09;10944.2
1109;2019.01.15;09:10;10942.7
1110;2019.01.15;09:11;10949.0
1111;2019.01.15;09:12;10956.0
1112;2019.01.15;09:13;10954.4
1113;2019.01.15;09:14;10953.5
1114;2019.01.15;09:15;10952.4
1115;2019.01.15;09:16;10952.4
1116;2019.01.15;09:17;10949.3
1117;2019.01.15;09:18;10951.5
1118;2019.01.15;09:19;10950.9
1119;2019.01.15;09:20;10948.9
1120;2019.01.15;09:21;10946.7
1121;2019.01.15;09:22;10947.5
1122;2019.01.15;09:23;10947.0
1123;2019.01.15;09:24;10949.7
1124;2019.01.15;09:25;10944.4
1125;2019.01.15;09:26;10944.0
1126;2019.01.15;09:27;10944.4
1127;2019.01.15;09:28;10943.6
1128;2019.01.15;09:29;10944.2
1129;2019.01.15;09:30;10941.6
1130;2019.01.15;09:31;10945.0
1131;2019.01.15;09:32;10945.1
1132;2019.01.15;09:33;10949.8
1133;2019.01.15;09:34;10945.0
1134;2019.01.15;09:35;10943.1
1135;2019.01.15;09:36;10942.3
1136;2019.01.15;09:37;10943.9
1137;2019.01.15;09:38;10941.7
1138;2019.01.15;09:39;10941.0
1139;2019.01.15;09:40;10936.4
1140;2019.01.15;09:41;10938.9
1141;2019.01.15;09:42;10938.7
1142;2019.01.15;09:43;10941.5
1143;2019.01.15;09:44;10942.0
1144;2019.01.15;09:45;10941.8
1145;2019.01.15;09:46;10941.6
1146;2019.01.15;09:47;10941.5
1147;2019.01.15;09:48;10941.2
1148;2019.01.15;09:49;10939.2
1149;2019.01.15;09:50;10939.4
1150;2019.01.15;09:51;10935.9
1151;2019.01.15;09:52;10938.8
1152;2019.01.15;09:53;10938.8
1153;2019.01.15;09:54;10942.0
1154;2019.01.15;09:55;10945.4
1155;2019.01.15;09:56;10947.0
1156;2019.01.15;09:57;10945.0
1157;2019.01.15;09:58;10942.4
1158;2019.01.15;09:59;10944.0
1159;2019.01.15;10:00;10951.1
1160;2019.01.15;10:01;10966.6
1161;2019.01.15;10:02;10969.5
1162;2019.01.15;10:03;10959.7
1163;2019.01.15;10:04;10965.3
1164;2019.01.15;10:05;10962.4
1165;2019.01.15;10:06;10970.4
1166;2019.01.15;10:07;10968.9
1167;2019.01.15;10:08;10981.2
1168;2019.01.15;10:09;10990.3
1169;2019.01.15;10:10;10987.0
1170;2019.01.15;10:11;10987.5
1171;2019.01.15;10:12;10984.2
1172;2019.01.15;10:13;10987.2
1173;2019.01.15;10:14;10979.4
1174;2019.01.15;10:15;10981.2
1175;2019.01.15;10:16;10979.2
1176;2019.01.15;10:17;10979.7
1177;2019.01.15;10:18;10975.6
1178;2019.01.15;10:19;10974.2
1179;2019.01.15;10:20;10972.1
1180;2019.01.15;10:21;10963.9
1181;2019.01.15;10:22;10960.3
1182;2019.01.15;10:23;10952.8
1183;2019.01.15;10:24;10955.9
1184;2019.01.15;10:25;10950.0
1185;2019.01.15;10:26;10947.9
1186;2019.01.15;10:27;10935.8
1187;2019.01.15;10:28;10943.5
1188;2019.01.15;10:29;10935.6
1189;2019.01.15;10:30;10913.7
1190;2019.01.15;10:31;10914.5
1191;2019.01.15;10:32;10908.8
1192;2019.01.15;10:33;10917.3
1193;2019.01.15;10:34;10913.4
1194;2019.01.15;10:35;10909.2
1195;2019.01.15;10:36;10906.4
1196;2019.01.15;10:37;10912.8
1197;2019.01.15;10:38;10910.3
1198;2019.01.15;10:39;10912.5
1199;2019.01.15;10:40;10922.2
1200;2019.01.15;10:41;10917.5
1201;2019.01.15;10:42;10921.5
1202;2019.01.15;10:43;10920.0
1203;2019.01.15;10:44;10925.7
1204;2019.01.15;10:45;10926.3
1205;2019.01.15;10:46;10921.5
1206;2019.01.15;10:47;10924.3
1207;2019.01.15;10:48;10927.4
1208;2019.01.15;10:49;10925.6
1209;2019.01.15;10:50;10920.6
1210;2019.01.15;10:51;10922.6
1211;2019.01.15;10:52;10931.3
1212;2019.01.15;10:53;10927.3
1213;2019.01.15;10:54;10925.6
1214;2019.01.15;10:55;10926.6
1215;2019.01.15;10:56;10923.0
1216;2019.01.15;10:57;10924.5
1217;2019.01.15;10:58;10921.5
1218;2019.01.15;10:59;10920.2
1219;2019.01.15;11:00;10900.8
1220;2019.01.15;22:59;10908.5
1221;2019.01.16;09:00;10936.8
1222;2019.01.16;09:01;10934.0
1223;2019.01.16;09:02;10932.2
1224;2019.01.16;09:03;10930.3
1225;2019.01.16;09:04;10929.5
1226;2019.01.16;09:05;10928.2
1227;2019.01.16;09:06;10936.0
1228;2019.01.16;09:07;10941.7
1229;2019.01.16;09:08;10938.4
1230;2019.01.16;09:09;10941.8
1231;2019.01.16;09:10;10940.3
1232;2019.01.16;09:11;10941.9
1233;2019.01.16;09:12;10942.2
1234;2019.01.16;09:13;10942.2
1235;2019.01.16;09:14;10940.0
1236;2019.01.16;09:15;10939.6
1237;2019.01.16;09:16;10940.0
1238;2019.01.16;09:17;10940.4
1239;2019.01.16;09:18;10937.2
1240;2019.01.16;09:19;10937.5
1241;2019.01.16;09:20;10933.7
1242;2019.01.16;09:21;10931.6
1243;2019.01.16;09:22;10932.2
1244;2019.01.16;09:23;10929.9
1245;2019.01.16;09:24;10931.2
1246;2019.01.16;09:25;10936.3
1247;2019.01.16;09:26;10934.2
1248;2019.01.16;09:27;10932.9
1249;2019.01.16;09:28;10930.2
1250;2019.01.16;09:29;10926.5
1251;2019.01.16;09:30;10924.7
1252;2019.01.16;09:31;10924.7
1253;2019.01.16;09:32;10928.0
1254;2019.01.16;09:33;10928.3
1255;2019.01.16;09:34;10927.7
1256;2019.01.16;09:35;10926.1
1257;2019.01.16;09:36;10919.8
1258;2019.01.16;09:37;10922.5
1259;2019.01.16;09:38;10921.9
1260;2019.01.16;09:39;10922.7
1261;2019.01.16;09:40;10923.2
1262;2019.01.16;09:41;10924.1
1263;2019.01.16;09:42;10926.9
1264;2019.01.16;09:43;10929.9
1265;2019.01.16;09:44;10929.6
1266;2019.01.16;09:45;10933.2
1267;2019.01.16;09:46;10932.4
1268;2019.01.16;09:47;10929.0
1269;2019.01.16;09:48;10929.2
1270;2019.01.16;09:49;10931.8
1271;2019.01.16;09:50;10932.7
1272;2019.01.16;09:51;10933.7
1273;2019.01.16;09:52;10935.1
1274;2019.01.16;09:53;10936.9
1275;2019.01.16;09:54;10935.4
1276;2019.01.16;09:55;10936.2
1277;2019.01.16;09:56;10934.4
1278;2019.01.16;09:57;10935.4
1279;2019.01.16;09:58;10935.8
1280;2019.01.16;09:59;10930.8
1281;2019.01.16;10:00;10938.0
1282;2019.01.16;10:01;10943.3
1283;2019.01.16;10:02;10922.0
1284;2019.01.16;10:03;10927.1
1285;2019.01.16;10:04;10923.3
1286;2019.01.16;10:05;10931.5
1287;2019.01.16;10:06;10930.6
1288;2019.01.16;10:07;10924.5
1289;2019.01.16;10:08;10915.5
1290;2019.01.16;10:09;10913.9
1291;2019.01.16;10:10;10922.2
1292;2019.01.16;10:11;10921.3
1293;2019.01.16;10:12;10919.9
1294;2019.01.16;10:13;10921.6
1295;2019.01.16;10:14;10918.7
1296;2019.01.16;10:15;10916.5
1297;2019.01.16;10:16;10909.6
1298;2019.01.16;10:17;10901.6
1299;2019.01.16;10:18;10905.9
1300;2019.01.16;10:19;10906.5
1301;2019.01.16;10:20;10908.5
1302;2019.01.16;10:21;10901.1
1303;2019.01.16;10:22;10898.6
1304;2019.01.16;10:23;10897.9
1305;2019.01.16;10:24;10900.9
1306;2019.01.16;10:25;10902.8
1307;2019.01.16;10:26;10903.3
1308;2019.01.16;10:27;10901.4
1309;2019.01.16;10:28;10902.2
1310;2019.01.16;10:29;10911.6
1311;2019.01.16;10:30;10913.4
1312;2019.01.16;10:31;10911.7
1313;2019.01.16;10:32;10913.9
1314;2019.01.16;10:33;10908.7
1315;2019.01.16;10:34;10908.5
1316;2019.01.16;10:35;10904.0
1317;2019.01.16;10:36;10901.7
1318;2019.01.16;10:37;10902.3
1319;2019.01.16;10:38;10900.9
1320;2019.01.16;10:39;10906.6
1321;2019.01.16;10:40;10908.0
1322;2019.01.16;10:41;10910.1
1323;2019.01.16;10:42;10904.5
1324;2019.01.16;10:43;10910.0
1325;2019.01.16;10:44;10905.1
1326;2019.01.16;10:45;10902.6
1327;2019.01.16;10:46;10904.9
1328;2019.01.16;10:47;10899.4
1329;2019.01.16;10:48;10897.3
1330;2019.01.16;10:49;10894.6
1331;2019.01.16;10:50;10896.1
1332;2019.01.16;10:51;10893.1
1333;2019.01.16;10:52;10896.7
1334;2019.01.16;10:53;10890.9
1335;2019.01.16;10:54;10888.7
1336;2019.01.16;10:55;10879.7
1337;2019.01.16;10:56;10880.7
1338;2019.01.16;10:57;10881.4
1339;2019.01.16;10:58;10881.4
1340;2019.01.16;10:59;10885.6
1341;2019.01.16;11:00;10885.5
1342;2019.01.16;22:59;10934.9
1343;2019.01.17;09:00;10881.8
1344;2019.01.17;09:01;10885.7
1345;2019.01.17;09:02;10878.4
1346;2019.01.17;09:03;10880.5
1347;2019.01.17;09:04;10882.2
1348;2019.01.17;09:05;10878.7
1349;2019.01.17;09:06;10880.5
1350;2019.01.17;09:07;10880.9
1351;2019.01.17;09:08;10880.6
1352;2019.01.17;09:09;10882.1
1353;2019.01.17;09:10;10882.7
1354;2019.01.17;09:11;10885.5
1355;2019.01.17;09:12;10882.9
1356;2019.01.17;09:13;10882.1
1357;2019.01.17;09:14;10874.1
1358;2019.01.17;09:15;10875.7
1359;2019.01.17;09:16;10876.1
1360;2019.01.17;09:17;10875.7
1361;2019.01.17;09:18;10877.8
1362;2019.01.17;09:19;10881.2
1363;2019.01.17;09:20;10878.4
1364;2019.01.17;09:21;10879.6
1365;2019.01.17;09:22;10878.6
1366;2019.01.17;09:23;10870.0
1367;2019.01.17;09:24;10866.9
1368;2019.01.17;09:25;10864.1
1369;2019.01.17;09:26;10868.5
1370;2019.01.17;09:27;10870.1
1371;2019.01.17;09:28;10867.5
1372;2019.01.17;09:29;10871.0
1373;2019.01.17;09:30;10869.7
1374;2019.01.17;09:31;10869.6
1375;2019.01.17;09:32;10870.1
1376;2019.01.17;09:33;10871.3
1377;2019.01.17;09:34;10875.1
1378;2019.01.17;09:35;10872.6
1379;2019.01.17;09:36;10869.0
1380;2019.01.17;09:37;10868.6
1381;2019.01.17;09:38;10866.7
1382;2019.01.17;09:39;10873.0
1383;2019.01.17;09:40;10873.7
1384;2019.01.17;09:41;10871.1
1385;2019.01.17;09:42;10867.6
1386;2019.01.17;09:43;10856.5
1387;2019.01.17;09:44;10860.2
1388;2019.01.17;09:45;10860.1
1389;2019.01.17;09:46;10859.7
1390;2019.01.17;09:47;10862.2
1391;2019.01.17;09:48;10860.6
1392;2019.01.17;09:49;10859.6
1393;2019.01.17;09:50;10855.7
1394;2019.01.17;09:51;10858.4
1395;2019.01.17;09:52;10860.6
1396;2019.01.17;09:53;10860.0
1397;2019.01.17;09:54;10862.8
1398;2019.01.17;09:55;10859.4
1399;2019.01.17;09:56;10858.5
1400;2019.01.17;09:57;10854.7
1401;2019.01.17;09:58;10853.7
1402;2019.01.17;09:59;10857.6
1403;2019.01.17;10:00;10852.9
1404;2019.01.17;10:01;10849.3
1405;2019.01.17;10:02;10845.8
1406;2019.01.17;10:03;10853.4
1407;2019.01.17;10:04;10854.4
1408;2019.01.17;10:05;10856.2
1409;2019.01.17;10:06;10854.3
1410;2019.01.17;10:07;10853.3
1411;2019.01.17;10:08;10848.8
1412;2019.01.17;10:09;10853.7
1413;2019.01.17;10:10;10845.3
1414;2019.01.17;10:11;10850.0
1415;2019.01.17;10:12;10839.1
1416;2019.01.17;10:13;10841.9
1417;2019.01.17;10:14;10844.5
1418;2019.01.17;10:15;10829.1
1419;2019.01.17;10:16;10824.4
1420;2019.01.17;10:17;10826.1
1421;2019.01.17;10:18;10831.8
1422;2019.01.17;10:19;10831.6
1423;2019.01.17;10:20;10828.6
1424;2019.01.17;10:21;10829.2
1425;2019.01.17;10:22;10829.0
1426;2019.01.17;10:23;10828.4
1427;2019.01.17;10:24;10828.4
1428;2019.01.17;10:25;10826.1
1429;2019.01.17;10:26;10835.1
1430;2019.01.17;10:27;10831.5
1431;2019.01.17;10:28;10829.1
1432;2019.01.17;10:29;10830.8
1433;2019.01.17;10:30;10834.3
1434;2019.01.17;10:31;10833.3
1435;2019.01.17;10:32;10845.8
1436;2019.01.17;10:33;10844.9
1437;2019.01.17;10:34;10844.2
1438;2019.01.17;10:35;10844.0
1439;2019.01.17;10:36;10841.7
1440;2019.01.17;10:37;10842.7
1441;2019.01.17;10:38;10837.5
1442;2019.01.17;10:39;10832.0
1443;2019.01.17;10:40;10835.6
1444;2019.01.17;10:41;10835.6
1445;2019.01.17;10:42;10839.2
1446;2019.01.17;10:43;10845.7
1447;2019.01.17;10:44;10844.2
1448;2019.01.17;10:45;10847.6
1449;2019.01.17;10:46;10850.8
1450;2019.01.17;10:47;10858.1
1451;2019.01.17;10:48;10862.0
1452;2019.01.17;10:49;10860.7
1453;2019.01.17;10:50;10856.3
1454;2019.01.17;10:51;10861.4
1455;2019.01.17;10:52;10878.6
1456;2019.01.17;10:53;10877.1
1457;2019.01.17;10:54;10881.9
1458;2019.01.17;10:55;10885.8
1459;2019.01.17;10:56;10885.9
1460;2019.01.17;10:57;10880.8
1461;2019.01.17;10:58;10883.4
1462;2019.01.17;10:59;10885.5
1463;2019.01.17;11:00;10884.9
1464;2019.01.17;22:59;10963.6
1465;2019.01.18;09:00;10977.3
1466;2019.01.18;09:01;10981.1
1467;2019.01.18;09:02;10985.5
1468;2019.01.18;09:03;10983.5
1469;2019.01.18;09:04;10985.0
1470;2019.01.18;09:05;10984.3
1471;2019.01.18;09:06;10983.8
1472;2019.01.18;09:07;10984.3
1473;2019.01.18;09:08;10986.8
1474;2019.01.18;09:09;10986.3
1475;2019.01.18;09:10;10987.7
1476;2019.01.18;09:11;10990.7
1477;2019.01.18;09:12;10991.6
1478;2019.01.18;09:13;10990.3
1479;2019.01.18;09:14;10989.7
1480;2019.01.18;09:15;10987.0
1481;2019.01.18;09:16;10983.8
1482;2019.01.18;09:17;10972.2
1483;2019.01.18;09:18;10977.4
1484;2019.01.18;09:19;10978.1
1485;2019.01.18;09:20;10976.4
1486;2019.01.18;09:21;10978.1
1487;2019.01.18;09:22;10976.4
1488;2019.01.18;09:23;10976.4
1489;2019.01.18;09:24;10978.6
1490;2019.01.18;09:25;10974.6
1491;2019.01.18;09:26;10975.8
1492;2019.01.18;09:27;10979.0
1493;2019.01.18;09:28;10977.3
1494;2019.01.18;09:29;10976.6
1495;2019.01.18;09:30;10975.1
1496;2019.01.18;09:31;10975.8
1497;2019.01.18;09:32;10979.2
1498;2019.01.18;09:33;10978.0
1499;2019.01.18;09:34;10973.3
1500;2019.01.18;09:35;10972.2
1501;2019.01.18;09:36;10971.1
1502;2019.01.18;09:37;10975.0
1503;2019.01.18;09:38;10979.7
1504;2019.01.18;09:39;10980.1
1505;2019.01.18;09:40;10980.0
1506;2019.01.18;09:41;10975.5
1507;2019.01.18;09:42;10972.5
1508;2019.01.18;09:43;10975.1
1509;2019.01.18;09:44;10977.5
1510;2019.01.18;09:45;10980.2
1511;2019.01.18;09:46;10982.5
1512;2019.01.18;09:47;10985.5
1513;2019.01.18;09:48;10982.7
1514;2019.01.18;09:49;10984.2
1515;2019.01.18;09:50;10986.6
1516;2019.01.18;09:51;10984.4
1517;2019.01.18;09:52;10984.4
1518;2019.01.18;09:53;10985.5
1519;2019.01.18;09:54;10984.6
1520;2019.01.18;09:55;10986.4
1521;2019.01.18;09:56;10989.1
1522;2019.01.18;09:57;10988.3
1523;2019.01.18;09:58;10987.2
1524;2019.01.18;09:59;10989.9
1525;2019.01.18;10:00;10988.8
1526;2019.01.18;10:01;11001.3
1527;2019.01.18;10:02;11002.8
1528;2019.01.18;10:03;11002.0
1529;2019.01.18;10:04;11001.8
1530;2019.01.18;10:05;11009.9
1531;2019.01.18;10:06;11006.4
1532;2019.01.18;10:07;11007.9
1533;2019.01.18;10:08;11004.5
1534;2019.01.18;10:09;11005.1
1535;2019.01.18;10:10;11009.0
1536;2019.01.18;10:11;11006.1
1537;2019.01.18;10:12;10995.2
1538;2019.01.18;10:13;11002.0
1539;2019.01.18;10:14;11010.3
1540;2019.01.18;10:15;11015.8
1541;2019.01.18;10:16;11017.9
1542;2019.01.18;10:17;11019.5
1543;2019.01.18;10:18;11016.3
1544;2019.01.18;10:19;11017.3
1545;2019.01.18;10:20;11021.6
1546;2019.01.18;10:21;11022.7
1547;2019.01.18;10:22;11019.3
1548;2019.01.18;10:23;11014.5
1549;2019.01.18;10:24;11023.3
1550;2019.01.18;10:25;11025.7
1551;2019.01.18;10:26;11028.9
1552;2019.01.18;10:27;11024.1
1553;2019.01.18;10:28;11025.1
1554;2019.01.18;10:29;11023.1
1555;2019.01.18;10:30;11023.2
1556;2019.01.18;10:31;11020.0
1557;2019.01.18;10:32;11019.6
1558;2019.01.18;10:33;11020.4
1559;2019.01.18;10:34;11021.8
1560;2019.01.18;10:35;11022.5
1561;2019.01.18;10:36;11021.2
1562;2019.01.18;10:37;11020.0
1563;2019.01.18;10:38;11017.6
1564;2019.01.18;10:39;11017.1
1565;2019.01.18;10:40;11014.2
1566;2019.01.18;10:41;11013.9
1567;2019.01.18;10:42;11012.8
1568;2019.01.18;10:43;11015.0
1569;2019.01.18;10:44;11010.3
1570;2019.01.18;10:45;11005.4
1571;2019.01.18;10:46;11006.4
1572;2019.01.18;10:47;11011.4
1573;2019.01.18;10:48;11010.0
1574;2019.01.18;10:49;11008.2
1575;2019.01.18;10:50;11010.6
1576;2019.01.18;10:51;11013.8
1577;2019.01.18;10:52;11012.0
1578;2019.01.18;10:53;11007.8
1579;2019.01.18;10:54;11008.0
1580;2019.01.18;10:55;11002.6
1581;2019.01.18;10:56;11004.6
1582;2019.01.18;10:57;11008.6
1583;2019.01.18;10:58;11012.9
1584;2019.01.18;10:59;11006.3
1585;2019.01.18;11:00;11008.8
