;date;time;open;high;low;close;volume
0;2019.01.02;22:59;10576.5;10578.7;10574.2;10575.2;68
395;2019.01.02;09:00;10499.1;10503.4;10486.1;10500.6;112
396;2019.01.02;09:01;10500.4;10507.1;10499.9;10499.9;71
397;2019.01.02;09:02;10499.4;10499.4;10488.2;10496.9;106
398;2019.01.02;09:03;10497.4;10499.1;10492.9;10497.1;57
399;2019.01.02;09:04;10497.4;10497.4;10491.4;10491.4;41
400;2019.01.02;09:05;10490.9;10490.9;10485.9;10486.6;55
401;2019.01.02;09:06;10486.4;10486.6;10479.4;10480.7;71
402;2019.01.02;09:07;10479.9;10482.2;10476.4;10480.9;57
403;2019.01.02;09:08;10479.6;10484.5;10478.4;10484.3;32
404;2019.01.02;09:09;10483.6;10483.8;10477.3;10477.3;17
405;2019.01.02;09:10;10477.6;10479.9;10477.4;10479.7;43
406;2019.01.02;09:11;10481.0;10481.0;10476.2;10478.4;41
407;2019.01.02;09:12;10478.9;10479.3;10475.3;10477.6;34
408;2019.01.02;09:13;10477.4;10478.9;10475.9;10477.4;32
409;2019.01.02;09:14;10477.6;10478.9;10475.2;10476.5;45
410;2019.01.02;09:15;10477.0;10477.5;10471.0;10473.0;62
411;2019.01.02;09:16;10473.3;10478.3;10473.0;10476.0;55
412;2019.01.02;09:17;10475.5;10481.9;10473.3;10479.4;54
413;2019.01.02;09:18;10479.6;10481.1;10477.1;10477.8;37
414;2019.01.02;09:19;10477.6;10478.3;10475.3;10476.6;36
415;2019.01.02;09:20;10476.4;10476.6;10474.6;10474.8;30
416;2019.01.02;09:21;10475.3;10479.3;10471.6;10476.1;53
417;2019.01.02;09:22;10476.9;10484.1;10475.3;10479.3;80
418;2019.01.02;09:23;10479.4;10483.6;10476.9;10483.4;49
419;2019.01.02;09:24;10483.6;10489.3;10483.6;10489.3;49
420;2019.01.02;09:25;10488.8;10488.8;10484.0;10484.7;63
421;2019.01.02;09:26;10484.4;10484.9;10481.1;10483.4;40
422;2019.01.02;09:27;10482.4;10487.1;10481.4;10485.1;31
423;2019.01.02;09:28;10487.6;10489.5;10485.1;10489.5;37
424;2019.01.02;09:29;10489.7;10490.9;10486.2;10489.6;41
425;2019.01.02;09:30;10489.1;10489.9;10486.6;10486.9;38
426;2019.01.02;09:31;10486.6;10489.1;10482.7;10485.2;29
427;2019.01.02;09:32;10484.2;10486.6;10482.4;10486.6;23
428;2019.01.02;09:33;10486.8;10491.6;10486.8;10489.8;36
429;2019.01.02;09:34;10490.3;10490.3;10486.8;10490.0;36
430;2019.01.02;09:35;10490.8;10492.7;10489.8;10490.9;35
431;2019.01.02;09:36;10492.2;10498.8;10491.7;10498.3;48
432;2019.01.02;09:37;10498.8;10499.0;10493.0;10494.2;32
433;2019.01.02;09:38;10494.5;10501.1;10494.5;10498.9;34
434;2019.01.02;09:39;10499.4;10504.0;10496.9;10502.7;38
435;2019.01.02;09:40;10502.2;10502.2;10497.7;10500.7;33
436;2019.01.02;09:41;10501.5;10502.5;10499.2;10500.2;32
437;2019.01.02;09:42;10499.2;10505.9;10499.2;10504.1;38
438;2019.01.02;09:43;10504.6;10505.8;10502.3;10504.3;38
439;2019.01.02;09:44;10504.6;10507.1;10504.3;10504.6;19
440;2019.01.02;09:45;10504.2;10504.7;10500.9;10503.7;41
441;2019.01.02;09:46;10504.2;10504.2;10501.2;10501.7;35
442;2019.01.02;09:47;10502.2;10503.2;10497.8;10500.8;39
443;2019.01.02;09:48;10500.6;10501.6;10496.4;10498.1;31
444;2019.01.02;09:49;10499.1;10500.6;10495.0;10496.2;48
445;2019.01.02;09:50;10495.5;10497.2;10493.7;10494.0;47
446;2019.01.02;09:51;10493.8;10494.8;10491.5;10493.2;50
447;2019.01.02;09:52;10494.2;10496.7;10492.2;10493.2;39
448;2019.01.02;09:53;10493.1;10496.6;10492.6;10495.3;35
449;2019.01.02;09:54;10495.4;10501.4;10494.2;10501.4;45
450;2019.01.02;09:55;10501.7;10501.7;10493.0;10493.5;51
451;2019.01.02;09:56;10493.2;10495.1;10492.2;10493.1;34
452;2019.01.02;09:57;10493.4;10500.2;10493.4;10499.7;36
453;2019.01.02;09:58;10500.7;10502.7;10499.4;10500.7;29
454;2019.01.02;09:59;10500.0;10515.2;10499.7;10510.5;100
455;2019.01.02;10:00;10511.7;10512.0;10482.5;10490.0;254
456;2019.01.02;10:01;10490.7;10490.7;10479.2;10480.2;151
457;2019.01.02;10:02;10481.2;10483.2;10474.6;10475.1;154
458;2019.01.02;10:03;10475.9;10477.4;10467.6;10476.1;160
459;2019.01.02;10:04;10476.0;10483.0;10471.8;10481.7;133
460;2019.01.02;10:05;10483.5;10484.2;10465.4;10465.7;147
461;2019.01.02;10:06;10464.4;10465.9;10451.6;10452.6;183
462;2019.01.02;10:07;10451.1;10452.1;10435.3;10446.6;179
463;2019.01.02;10:08;10446.6;10454.7;10440.3;10445.1;154
464;2019.01.02;10:09;10444.4;10460.9;10444.4;10459.1;130
465;2019.01.02;10:10;10458.6;10459.4;10440.0;10447.8;145
466;2019.01.02;10:11;10447.3;10454.5;10445.2;10452.8;129
467;2019.01.02;10:12;10452.5;10452.5;10432.2;10436.0;182
468;2019.01.02;10:13;10434.2;10439.6;10425.0;10436.3;148
469;2019.01.02;10:14;10436.5;10438.8;10429.8;10433.2;122
470;2019.01.02;10:15;10433.0;10438.5;10428.9;10437.7;140
471;2019.01.02;10:16;10437.5;10444.7;10437.5;10440.3;150
472;2019.01.02;10:17;10440.8;10443.4;10428.4;10436.5;141
473;2019.01.02;10:18;10436.7;10437.5;10426.3;10426.3;124
474;2019.01.02;10:19;10426.6;10429.6;10418.3;10420.3;154
475;2019.01.02;10:20;10421.8;10421.8;10404.1;10408.7;197
476;2019.01.02;10:21;10409.0;10409.5;10396.6;10397.9;159
477;2019.01.02;10:22;10397.6;10403.7;10396.4;10398.5;153
478;2019.01.02;10:23;10398.7;10402.0;10392.9;10392.9;149
479;2019.01.02;10:24;10393.4;10394.4;10387.9;10389.4;144
480;2019.01.02;10:25;10390.2;10400.6;10388.9;10398.1;144
481;2019.01.02;10:26;10398.4;10399.9;10395.9;10399.3;112
482;2019.01.02;10:27;10399.8;10404.6;10399.3;10402.7;146
483;2019.01.02;10:28;10402.9;10409.5;10402.7;10407.2;116
484;2019.01.02;10:29;10407.7;10412.3;10405.0;10408.8;123
485;2019.01.02;10:30;10410.1;10410.1;10394.1;10401.9;170
486;2019.01.02;10:31;10402.4;10410.9;10400.9;10410.7;141
487;2019.01.02;10:32;10411.4;10413.5;10403.2;10412.0;118
488;2019.01.02;10:33;10412.2;10413.0;10405.3;10407.0;101
489;2019.01.02;10:34;10407.5;10420.5;10405.5;10418.3;126
490;2019.01.02;10:35;10417.5;10417.5;10413.0;10417.1;105
491;2019.01.02;10:36;10416.3;10427.3;10416.3;10425.6;115
492;2019.01.02;10:37;10426.1;10426.6;10414.5;10420.3;106
493;2019.01.02;10:38;10419.5;10432.0;10419.5;10432.0;122
494;2019.01.02;10:39;10431.4;10431.5;10425.3;10428.2;115
495;2019.01.02;10:40;10427.5;10429.9;10419.4;10420.9;97
496;2019.01.02;10:41;10421.4;10422.7;10412.9;10414.6;119
497;2019.01.02;10:42;10415.0;10420.7;10412.8;10415.0;119
498;2019.01.02;10:43;10414.8;10427.2;10414.0;10425.7;119
499;2019.01.02;10:44;10424.9;10426.2;10412.6;10416.3;88
500;2019.01.02;10:45;10417.3;10425.9;10416.8;10425.6;82
501;2019.01.02;10:46;10425.9;10442.6;10424.8;10442.1;121
502;2019.01.02;10:47;10442.6;10443.6;10430.1;10432.1;96
503;2019.01.02;10:48;10431.9;10436.7;10428.4;10436.7;69
504;2019.01.02;10:49;10437.7;10445.7;10434.9;10440.9;92
505;2019.01.02;10:50;10442.4;10449.3;10439.8;10448.1;98
506;2019.01.02;10:51;10447.8;10448.1;10433.4;10433.4;82
507;2019.01.02;10:52;10432.9;10436.2;10424.4;10434.9;121
508;2019.01.02;10:53;10434.2;10440.1;10432.2;10435.3;73
509;2019.01.02;10:54;10435.6;10435.6;10428.1;10428.2;91
510;2019.01.02;10:55;10427.9;10427.9;10417.9;10417.9;73
511;2019.01.02;10:56;10417.1;10423.9;10417.1;10423.6;97
512;2019.01.02;10:57;10424.1;10430.1;10422.0;10426.4;87
513;2019.01.02;10:58;10426.9;10428.9;10425.1;10426.9;84
514;2019.01.02;10:59;10427.1;10435.6;10420.6;10435.6;113
515;2019.01.02;11:00;10436.1;10442.8;10427.0;10428.0;137
1233;2019.01.02;22:59;10620.6;10638.6;10620.6;10638.6;81
1747;2019.01.03;09:00;10492.0;10509.1;10484.5;10507.8;159
1748;2019.01.03;09:01;10507.3;10516.6;10503.1;10514.8;134
1749;2019.01.03;09:02;10514.6;10523.1;10509.3;10519.3;116
1750;2019.01.03;09:03;10519.1;10519.1;10512.2;10513.2;62
1751;2019.01.03;09:04;10513.0;10518.3;10510.0;10518.3;42
1752;2019.01.03;09:05;10519.1;10528.3;10516.3;10519.3;102
1753;2019.01.03;09:06;10518.1;10519.3;10516.6;10517.1;42
1754;2019.01.03;09:07;10516.3;10519.6;10515.1;10519.6;31
1755;2019.01.03;09:08;10519.3;10520.6;10515.2;10515.2;39
1756;2019.01.03;09:09;10515.7;10515.7;10508.8;10508.8;44
1757;2019.01.03;09:10;10509.0;10512.0;10508.8;10511.5;27
1758;2019.01.03;09:11;10510.7;10514.6;10509.2;10512.5;27
1759;2019.01.03;09:12;10510.8;10515.0;10510.5;10514.7;25
1760;2019.01.03;09:13;10514.5;10514.5;10510.5;10512.5;29
1761;2019.01.03;09:14;10511.5;10513.2;10510.7;10512.0;27
1762;2019.01.03;09:15;10512.3;10512.5;10504.5;10507.2;43
1763;2019.01.03;09:16;10506.5;10507.1;10501.3;10501.8;52
1764;2019.01.03;09:17;10502.4;10502.6;10488.8;10493.3;54
1765;2019.01.03;09:18;10493.8;10495.8;10488.5;10489.7;57
1766;2019.01.03;09:19;10489.2;10490.9;10487.0;10490.4;49
1767;2019.01.03;09:20;10490.2;10495.9;10490.2;10494.9;30
1768;2019.01.03;09:21;10494.4;10497.4;10491.9;10495.4;39
1769;2019.01.03;09:22;10494.4;10496.2;10493.2;10494.5;26
1770;2019.01.03;09:23;10496.5;10498.5;10495.0;10495.3;23
1771;2019.01.03;09:24;10493.5;10499.0;10492.5;10498.4;31
1772;2019.01.03;09:25;10498.1;10498.1;10492.9;10493.2;39
1773;2019.01.03;09:26;10492.9;10495.1;10491.6;10492.4;35
1774;2019.01.03;09:27;10491.4;10493.2;10490.9;10491.2;22
1775;2019.01.03;09:28;10491.7;10493.3;10491.3;10492.3;47
1776;2019.01.03;09:29;10492.8;10493.4;10490.9;10491.4;27
1777;2019.01.03;09:30;10490.9;10496.9;10490.4;10492.3;52
1778;2019.01.03;09:31;10492.0;10496.2;10492.0;10493.7;26
1779;2019.01.03;09:32;10493.5;10493.7;10488.9;10490.4;31
1780;2019.01.03;09:33;10490.7;10490.9;10485.9;10487.7;51
1781;2019.01.03;09:34;10486.2;10490.9;10484.9;10490.9;58
1782;2019.01.03;09:35;10490.4;10490.4;10487.6;10488.3;28
1783;2019.01.03;09:36;10488.6;10490.9;10488.6;10490.2;21
1784;2019.01.03;09:37;10489.9;10494.9;10489.9;10494.9;41
1785;2019.01.03;09:38;10494.5;10498.7;10494.3;10498.7;53
1786;2019.01.03;09:39;10497.9;10498.2;10493.3;10495.3;30
1787;2019.01.03;09:40;10495.0;10497.0;10494.0;10497.0;19
1788;2019.01.03;09:41;10496.5;10506.3;10496.5;10504.7;90
1789;2019.01.03;09:42;10503.6;10506.4;10496.5;10497.0;55
1790;2019.01.03;09:43;10496.2;10501.5;10496.2;10500.7;38
1791;2019.01.03;09:44;10500.5;10504.5;10499.5;10501.0;47
1792;2019.01.03;09:45;10500.7;10500.7;10497.0;10498.3;38
1793;2019.01.03;09:46;10498.5;10498.5;10496.0;10497.0;20
1794;2019.01.03;09:47;10496.9;10499.4;10496.9;10497.6;21
1795;2019.01.03;09:48;10498.1;10498.4;10495.9;10497.2;28
1796;2019.01.03;09:49;10498.4;10502.7;10497.7;10501.5;41
1797;2019.01.03;09:50;10501.7;10502.0;10499.7;10500.2;24
1798;2019.01.03;09:51;10499.7;10499.7;10494.9;10495.1;32
1799;2019.01.03;09:52;10495.5;10500.0;10495.0;10499.5;24
1800;2019.01.03;09:53;10499.3;10503.4;10497.9;10499.6;39
1801;2019.01.03;09:54;10499.4;10501.3;10498.9;10500.3;16
1802;2019.01.03;09:55;10499.5;10500.5;10496.5;10497.4;37
1803;2019.01.03;09:56;10497.7;10502.6;10496.9;10501.2;27
1804;2019.01.03;09:57;10501.4;10501.4;10496.2;10496.2;27
1805;2019.01.03;09:58;10496.5;10499.9;10495.7;10499.6;32
1806;2019.01.03;09:59;10499.1;10499.1;10474.8;10476.3;100
1807;2019.01.03;10:00;10476.5;10476.5;10460.6;10474.4;280
1808;2019.01.03;10:01;10474.5;10475.0;10467.0;10470.2;174
1809;2019.01.03;10:02;10469.5;10474.8;10464.2;10467.3;128
1810;2019.01.03;10:03;10466.3;10484.3;10463.5;10473.9;146
1811;2019.01.03;10:04;10473.1;10483.5;10471.4;10482.5;116
1812;2019.01.03;10:05;10481.7;10490.7;10477.7;10486.8;129
1813;2019.01.03;10:06;10486.3;10501.0;10482.0;10489.5;149
1814;2019.01.03;10:07;10489.6;10494.1;10488.3;10492.3;93
1815;2019.01.03;10:08;10493.0;10501.7;10490.5;10500.4;126
1816;2019.01.03;10:09;10500.9;10509.9;10500.9;10508.5;154
1817;2019.01.03;10:10;10508.2;10514.0;10505.3;10509.3;144
1818;2019.01.03;10:11;10510.0;10513.7;10508.0;10508.5;101
1819;2019.01.03;10:12;10508.2;10511.3;10504.4;10504.7;104
1820;2019.01.03;10:13;10504.9;10513.6;10502.7;10506.2;120
1821;2019.01.03;10:14;10505.9;10512.2;10505.9;10509.6;87
1822;2019.01.03;10:15;10507.4;10507.4;10499.1;10501.1;143
1823;2019.01.03;10:16;10501.5;10502.0;10488.1;10489.6;171
1824;2019.01.03;10:17;10488.8;10489.1;10481.2;10483.3;139
1825;2019.01.03;10:18;10483.8;10489.3;10481.1;10489.3;126
1826;2019.01.03;10:19;10488.8;10489.6;10485.6;10486.1;115
1827;2019.01.03;10:20;10485.6;10490.2;10481.8;10483.8;117
1828;2019.01.03;10:21;10483.3;10488.8;10481.2;10487.7;139
1829;2019.01.03;10:22;10486.9;10494.4;10485.4;10491.4;136
1830;2019.01.03;10:23;10491.1;10506.1;10491.1;10504.1;144
1831;2019.01.03;10:24;10503.4;10508.4;10503.4;10506.9;103
1832;2019.01.03;10:25;10506.7;10509.7;10500.7;10507.9;127
1833;2019.01.03;10:26;10507.4;10512.7;10502.0;10507.0;142
1834;2019.01.03;10:27;10506.5;10512.4;10505.2;10510.9;98
1835;2019.01.03;10:28;10511.4;10516.9;10510.2;10516.4;129
1836;2019.01.03;10:29;10515.9;10523.4;10514.7;10518.9;107
1837;2019.01.03;10:30;10518.4;10527.9;10518.4;10524.9;136
1838;2019.01.03;10:31;10525.9;10527.1;10522.1;10523.9;113
1839;2019.01.03;10:32;10525.6;10527.4;10524.3;10526.1;94
1840;2019.01.03;10:33;10526.3;10527.8;10523.9;10524.4;75
1841;2019.01.03;10:34;10524.6;10533.4;10521.4;10529.4;100
1842;2019.01.03;10:35;10529.6;10530.1;10521.4;10521.4;95
1843;2019.01.03;10:36;10522.2;10528.4;10519.9;10526.4;100
1844;2019.01.03;10:37;10525.9;10527.7;10521.7;10524.9;71
1845;2019.01.03;10:38;10524.4;10527.0;10519.0;10520.0;69
1846;2019.01.03;10:39;10519.5;10522.2;10517.5;10519.3;91
1847;2019.01.03;10:40;10519.5;10519.5;10512.0;10515.6;118
1848;2019.01.03;10:41;10515.1;10515.1;10511.6;10514.6;69
1849;2019.01.03;10:42;10514.1;10514.1;10507.4;10510.6;76
1850;2019.01.03;10:43;10510.4;10510.6;10503.9;10507.7;86
1851;2019.01.03;10:44;10506.9;10514.1;10506.1;10512.9;94
1852;2019.01.03;10:45;10513.1;10521.9;10512.6;10520.3;117
1853;2019.01.03;10:46;10520.1;10524.6;10517.6;10521.1;80
1854;2019.01.03;10:47;10520.8;10521.1;10516.1;10518.3;82
1855;2019.01.03;10:48;10518.6;10520.6;10508.6;10509.6;81
1856;2019.01.03;10:49;10508.6;10510.6;10500.7;10500.7;113
1857;2019.01.03;10:50;10499.9;10499.9;10490.7;10493.7;123
1858;2019.01.03;10:51;10492.9;10498.9;10492.7;10494.7;83
1859;2019.01.03;10:52;10494.2;10498.2;10488.7;10489.7;103
1860;2019.01.03;10:53;10490.2;10492.7;10488.7;10490.4;53
1861;2019.01.03;10:54;10490.7;10491.7;10474.7;10476.7;123
1862;2019.01.03;10:55;10476.5;10484.2;10476.5;10483.2;94
1863;2019.01.03;10:56;10483.7;10485.5;10481.7;10482.2;58
1864;2019.01.03;10:57;10483.0;10486.2;10480.2;10484.7;65
1865;2019.01.03;10:58;10485.7;10488.7;10485.2;10487.2;79
1866;2019.01.03;10:59;10486.5;10490.7;10483.7;10485.7;74
1867;2019.01.03;11:00;10486.2;10494.6;10485.7;10491.6;79
2586;2019.01.03;22:59;10431.7;10432.9;10420.9;10422.9;86
3083;2019.01.04;09:00;10519.4;10544.9;10519.4;10533.1;141
3084;2019.01.04;09:01;10531.6;10544.5;10529.3;10537.3;97
3085;2019.01.04;09:02;10537.6;10537.9;10532.1;10537.4;74
3086;2019.01.04;09:03;10537.6;10538.4;10533.1;10537.9;47
3087;2019.01.04;09:04;10538.1;10538.4;10536.6;10537.7;32
3088;2019.01.04;09:05;10537.2;10537.2;10531.8;10531.8;38
3089;2019.01.04;09:06;10530.5;10531.0;10527.7;10528.0;48
3090;2019.01.04;09:07;10527.5;10531.3;10527.5;10529.9;19
3091;2019.01.04;09:08;10530.2;10530.3;10526.3;10529.0;33
3092;2019.01.04;09:09;10528.8;10532.7;10528.8;10532.7;33
3093;2019.01.04;09:10;10532.2;10532.2;10528.9;10529.1;25
3094;2019.01.04;09:11;10528.9;10531.9;10528.6;10531.9;12
3095;2019.01.04;09:12;10532.1;10537.7;10530.6;10537.7;44
3096;2019.01.04;09:13;10537.4;10538.8;10535.3;10536.8;66
3097;2019.01.04;09:14;10536.5;10540.3;10536.5;10537.8;57
3098;2019.01.04;09:15;10537.5;10541.1;10537.5;10539.2;28
3099;2019.01.04;09:16;10538.7;10538.7;10533.5;10533.5;33
3100;2019.01.04;09:17;10534.0;10534.3;10533.0;10533.8;17
3101;2019.01.04;09:18;10534.0;10536.4;10533.0;10533.6;28
3102;2019.01.04;09:19;10533.1;10533.8;10531.3;10533.8;36
3103;2019.01.04;09:20;10534.0;10534.8;10528.3;10529.8;44
3104;2019.01.04;09:21;10530.0;10533.1;10530.0;10532.3;26
3105;2019.01.04;09:22;10532.0;10532.7;10530.4;10530.9;40
3106;2019.01.04;09:23;10530.4;10534.1;10529.7;10534.1;32
3107;2019.01.04;09:24;10533.9;10533.9;10527.1;10529.4;47
3108;2019.01.04;09:25;10529.6;10530.0;10527.8;10529.0;32
3109;2019.01.04;09:26;10528.8;10529.7;10525.0;10529.0;61
3110;2019.01.04;09:27;10529.2;10529.5;10520.8;10522.3;61
3111;2019.01.04;09:28;10521.8;10522.8;10516.2;10519.0;77
3112;2019.01.04;09:29;10519.5;10522.3;10519.2;10520.9;38
3113;2019.01.04;09:30;10520.6;10523.6;10519.9;10522.5;36
3114;2019.01.04;09:31;10522.8;10523.0;10518.0;10521.5;73
3115;2019.01.04;09:32;10521.7;10525.3;10521.7;10523.5;32
3116;2019.01.04;09:33;10523.7;10524.5;10520.3;10523.1;34
3117;2019.01.04;09:34;10523.3;10529.8;10522.3;10529.3;65
3118;2019.01.04;09:35;10529.6;10529.6;10522.9;10524.1;49
3119;2019.01.04;09:36;10524.6;10528.2;10524.6;10524.9;29
3120;2019.01.04;09:37;10524.2;10525.9;10518.6;10518.9;61
3121;2019.01.04;09:38;10518.8;10519.3;10514.8;10518.4;37
3122;2019.01.04;09:39;10518.1;10518.1;10512.0;10513.5;56
3123;2019.01.04;09:40;10514.3;10515.6;10512.8;10513.9;43
3124;2019.01.04;09:41;10513.1;10515.9;10511.6;10514.1;46
3125;2019.01.04;09:42;10513.6;10515.1;10512.3;10512.3;37
3126;2019.01.04;09:43;10511.8;10513.8;10511.3;10512.0;30
3127;2019.01.04;09:44;10512.0;10512.0;10506.5;10509.8;55
3128;2019.01.04;09:45;10509.6;10514.4;10509.1;10511.4;40
3129;2019.01.04;09:46;10511.3;10513.0;10507.8;10512.8;28
3130;2019.01.04;09:47;10514.3;10516.3;10510.6;10510.6;42
3131;2019.01.04;09:48;10510.4;10510.9;10508.4;10508.9;22
3132;2019.01.04;09:49;10508.7;10513.1;10508.7;10513.1;27
3133;2019.01.04;09:50;10514.1;10517.1;10513.8;10514.8;48
3134;2019.01.04;09:51;10514.3;10517.2;10513.3;10516.2;39
3135;2019.01.04;09:52;10516.0;10516.3;10515.0;10515.1;23
3136;2019.01.04;09:53;10514.7;10516.0;10513.4;10515.5;16
3137;2019.01.04;09:54;10515.3;10515.3;10514.0;10515.0;13
3138;2019.01.04;09:55;10515.3;10528.1;10514.8;10524.6;53
3139;2019.01.04;09:56;10525.1;10526.1;10522.8;10524.2;37
3140;2019.01.04;09:57;10524.9;10529.9;10523.7;10529.9;51
3141;2019.01.04;09:58;10529.2;10530.1;10526.3;10526.5;42
3142;2019.01.04;09:59;10526.3;10528.6;10524.3;10525.5;65
3143;2019.01.04;10:00;10524.0;10531.7;10521.2;10521.9;159
3144;2019.01.04;10:01;10522.1;10531.1;10521.1;10529.5;123
3145;2019.01.04;10:02;10530.2;10541.2;10529.5;10536.5;151
3146;2019.01.04;10:03;10537.7;10548.2;10534.2;10542.7;154
3147;2019.01.04;10:04;10541.2;10549.9;10541.2;10543.4;158
3148;2019.01.04;10:05;10545.1;10549.4;10541.6;10543.9;107
3149;2019.01.04;10:06;10542.9;10547.0;10537.0;10541.2;129
3150;2019.01.04;10:07;10540.9;10544.2;10535.0;10536.5;107
3151;2019.01.04;10:08;10536.8;10540.4;10530.5;10535.9;113
3152;2019.01.04;10:09;10535.4;10543.1;10530.9;10535.7;115
3153;2019.01.04;10:10;10535.4;10542.2;10532.4;10533.9;139
3154;2019.01.04;10:11;10534.2;10536.1;10528.1;10528.6;110
3155;2019.01.04;10:12;10528.5;10529.3;10513.8;10515.8;159
3156;2019.01.04;10:13;10516.3;10524.3;10515.6;10520.5;117
3157;2019.01.04;10:14;10520.0;10524.8;10519.3;10519.9;91
3158;2019.01.04;10:15;10519.7;10525.7;10511.4;10514.4;119
3159;2019.01.04;10:16;10515.4;10516.1;10510.6;10513.4;93
3160;2019.01.04;10:17;10513.1;10521.8;10512.9;10516.8;99
3161;2019.01.04;10:18;10516.5;10525.0;10516.5;10521.0;101
3162;2019.01.04;10:19;10521.8;10526.2;10519.3;10519.7;97
3163;2019.01.04;10:20;10520.7;10533.7;10520.5;10528.6;106
3164;2019.01.04;10:21;10529.6;10538.0;10529.6;10531.0;118
3165;2019.01.04;10:22;10531.1;10533.1;10523.8;10532.3;123
3166;2019.01.04;10:23;10531.3;10535.1;10525.6;10525.6;71
3167;2019.01.04;10:24;10525.8;10526.3;10519.5;10520.5;116
3168;2019.01.04;10:25;10520.2;10520.2;10511.8;10517.7;146
3169;2019.01.04;10:26;10517.2;10520.1;10512.5;10518.0;108
3170;2019.01.04;10:27;10518.7;10519.0;10514.0;10517.3;80
3171;2019.01.04;10:28;10517.1;10523.2;10514.1;10520.7;96
3172;2019.01.04;10:29;10521.4;10525.9;10520.2;10525.7;90
3173;2019.01.04;10:30;10525.9;10526.7;10521.6;10522.2;68
3174;2019.01.04;10:31;10522.0;10524.2;10520.5;10521.6;66
3175;2019.01.04;10:32;10521.1;10524.4;10518.1;10521.7;92
3176;2019.01.04;10:33;10521.4;10522.7;10514.5;10514.8;58
3177;2019.01.04;10:34;10515.8;10518.3;10482.3;10486.2;172
3178;2019.01.04;10:35;10487.0;10503.5;10486.0;10502.8;164
3179;2019.01.04;10:36;10502.5;10512.5;10501.0;10509.5;102
3180;2019.01.04;10:37;10508.7;10513.6;10507.5;10510.2;80
3181;2019.01.04;10:38;10511.0;10511.5;10507.2;10509.2;62
3182;2019.01.04;10:39;10508.5;10513.2;10508.2;10510.0;51
3183;2019.01.04;10:40;10508.7;10517.6;10508.7;10513.2;105
3184;2019.01.04;10:41;10513.0;10513.7;10509.5;10511.2;72
3185;2019.01.04;10:42;10510.7;10513.3;10508.7;10513.3;50
3186;2019.01.04;10:43;10512.8;10513.9;10508.0;10513.7;62
3187;2019.01.04;10:44;10513.4;10513.7;10502.0;10507.5;92
3188;2019.01.04;10:45;10508.0;10509.0;10502.5;10507.0;92
3189;2019.01.04;10:46;10506.5;10508.0;10502.0;10505.6;63
3190;2019.01.04;10:47;10505.4;10505.4;10500.2;10502.0;54
3191;2019.01.04;10:48;10501.7;10505.5;10499.5;10505.0;61
3192;2019.01.04;10:49;10504.8;10510.2;10504.8;10507.6;63
3193;2019.01.04;10:50;10508.1;10509.1;10501.4;10501.4;61
3194;2019.01.04;10:51;10502.2;10506.9;10498.2;10505.2;85
3195;2019.01.04;10:52;10505.4;10507.2;10502.9;10505.6;53
3196;2019.01.04;10:53;10506.8;10507.2;10504.9;10507.2;18
3197;2019.01.04;10:54;10508.5;10508.5;10502.2;10503.7;60
3198;2019.01.04;10:55;10504.7;10508.8;10502.2;10508.8;59
3199;2019.01.04;10:56;10508.6;10515.6;10508.6;10515.1;59
3200;2019.01.04;10:57;10515.3;10527.8;10515.3;10525.7;129
3201;2019.01.04;10:58;10526.0;10527.5;10522.8;10526.3;72
3202;2019.01.04;10:59;10526.0;10535.4;10526.0;10531.1;92
3203;2019.01.04;11:00;10529.8;10530.6;10523.1;10525.2;73
3922;2019.01.07;22:59;10817.4;10817.4;10801.4;10805.9;58
4369;2019.01.07;09:00;10827.6;10830.6;10808.2;10809.8;141
4370;2019.01.07;09:01;10811.0;10816.4;10808.1;10816.4;66
4371;2019.01.07;09:02;10815.4;10815.4;10807.8;10809.8;60
4372;2019.01.07;09:03;10810.1;10815.3;10809.3;10810.8;70
4373;2019.01.07;09:04;10810.7;10811.9;10809.8;10811.9;20
4374;2019.01.07;09:05;10812.9;10815.2;10811.2;10812.9;48
4375;2019.01.07;09:06;10812.4;10818.1;10812.4;10812.9;52
4376;2019.01.07;09:07;10813.4;10817.2;10812.9;10814.4;40
4377;2019.01.07;09:08;10815.9;10815.9;10811.3;10811.6;17
4378;2019.01.07;09:09;10811.8;10817.2;10810.8;10814.4;43
4379;2019.01.07;09:10;10814.7;10820.7;10813.4;10820.2;46
4380;2019.01.07;09:11;10819.7;10820.7;10817.9;10819.6;42
4381;2019.01.07;09:12;10819.1;10823.6;10819.1;10822.4;41
4382;2019.01.07;09:13;10823.2;10827.9;10822.6;10823.9;63
4383;2019.01.07;09:14;10824.1;10827.1;10824.1;10825.4;24
4384;2019.01.07;09:15;10826.1;10827.9;10823.4;10824.9;44
4385;2019.01.07;09:16;10825.2;10825.7;10821.5;10821.5;40
4386;2019.01.07;09:17;10821.7;10825.0;10821.4;10821.4;49
4387;2019.01.07;09:18;10821.9;10826.2;10821.9;10823.6;26
4388;2019.01.07;09:19;10824.3;10836.8;10823.6;10836.8;59
4389;2019.01.07;09:20;10836.0;10839.1;10832.2;10834.2;78
4390;2019.01.07;09:21;10833.4;10834.1;10830.4;10832.2;23
4391;2019.01.07;09:22;10832.4;10835.1;10832.2;10834.0;35
4392;2019.01.07;09:23;10833.7;10834.5;10832.0;10834.2;26
4393;2019.01.07;09:24;10834.0;10834.2;10827.2;10828.2;37
4394;2019.01.07;09:25;10828.0;10834.5;10827.5;10833.5;43
4395;2019.01.07;09:26;10833.2;10836.7;10832.2;10835.5;38
4396;2019.01.07;09:27;10835.0;10836.0;10831.2;10831.2;31
4397;2019.01.07;09:28;10830.7;10831.4;10827.9;10829.4;21
4398;2019.01.07;09:29;10829.1;10831.1;10827.4;10831.1;24
4399;2019.01.07;09:30;10830.6;10831.4;10828.3;10829.6;52
4400;2019.01.07;09:31;10830.1;10834.9;10828.6;10831.9;76
4401;2019.01.07;09:32;10832.1;10843.6;10831.1;10839.3;109
4402;2019.01.07;09:33;10839.7;10840.0;10832.7;10834.5;50
4403;2019.01.07;09:34;10833.5;10834.0;10831.0;10832.4;41
4404;2019.01.07;09:35;10832.7;10832.7;10824.7;10824.9;65
4405;2019.01.07;09:36;10825.4;10827.4;10820.7;10822.7;76
4406;2019.01.07;09:37;10822.9;10823.4;10819.4;10820.9;60
4407;2019.01.07;09:38;10820.4;10822.9;10819.9;10820.9;39
4408;2019.01.07;09:39;10820.7;10822.3;10819.4;10821.6;38
4409;2019.01.07;09:40;10820.8;10823.6;10819.3;10822.5;43
4410;2019.01.07;09:41;10823.0;10824.2;10822.0;10823.7;30
4411;2019.01.07;09:42;10823.4;10826.3;10821.6;10821.8;37
4412;2019.01.07;09:43;10821.3;10823.3;10819.1;10822.4;43
4413;2019.01.07;09:44;10821.9;10826.4;10821.4;10826.4;33
4414;2019.01.07;09:45;10826.9;10827.7;10825.9;10826.7;35
4415;2019.01.07;09:46;10827.2;10836.4;10827.2;10832.4;72
4416;2019.01.07;09:47;10832.2;10836.2;10831.8;10831.8;41
4417;2019.01.07;09:48;10832.1;10835.3;10831.6;10835.3;31
4418;2019.01.07;09:49;10835.5;10838.5;10833.2;10834.4;52
4419;2019.01.07;09:50;10834.7;10839.9;10834.7;10839.9;46
4420;2019.01.07;09:51;10839.7;10839.7;10834.7;10836.0;52
4421;2019.01.07;09:52;10836.7;10839.2;10836.0;10837.4;44
4422;2019.01.07;09:53;10836.9;10836.9;10832.6;10836.0;49
4423;2019.01.07;09:54;10837.0;10838.2;10832.7;10833.0;41
4424;2019.01.07;09:55;10832.7;10835.4;10832.7;10834.7;37
4425;2019.01.07;09:56;10835.0;10837.5;10833.7;10837.2;34
4426;2019.01.07;09:57;10837.5;10837.7;10833.5;10835.0;46
4427;2019.01.07;09:58;10835.2;10837.4;10834.2;10834.4;40
4428;2019.01.07;09:59;10833.9;10836.1;10830.8;10835.3;62
4429;2019.01.07;10:00;10835.5;10835.8;10816.0;10820.0;251
4430;2019.01.07;10:01;10820.5;10820.5;10813.2;10818.7;139
4431;2019.01.07;10:02;10818.2;10818.2;10802.1;10802.1;158
4432;2019.01.07;10:03;10802.4;10811.7;10798.2;10800.5;149
4433;2019.01.07;10:04;10799.9;10804.7;10790.5;10795.5;146
4434;2019.01.07;10:05;10794.2;10803.6;10791.5;10795.5;134
4435;2019.01.07;10:06;10797.3;10798.3;10787.8;10787.8;170
4436;2019.01.07;10:07;10788.6;10792.8;10785.1;10792.1;127
4437;2019.01.07;10:08;10791.1;10802.8;10791.1;10798.0;163
4438;2019.01.07;10:09;10797.2;10798.3;10793.5;10796.3;88
4439;2019.01.07;10:10;10795.8;10804.9;10794.3;10804.9;135
4440;2019.01.07;10:11;10802.9;10808.1;10798.6;10799.6;138
4441;2019.01.07;10:12;10799.4;10803.0;10795.5;10797.5;107
4442;2019.01.07;10:13;10797.0;10801.9;10794.6;10800.7;97
4443;2019.01.07;10:14;10800.9;10800.9;10789.3;10789.5;96
4444;2019.01.07;10:15;10790.0;10790.5;10781.1;10785.8;149
4445;2019.01.07;10:16;10786.1;10790.1;10781.9;10782.9;124
4446;2019.01.07;10:17;10783.9;10789.4;10781.4;10782.9;119
4447;2019.01.07;10:18;10782.1;10787.9;10777.4;10779.2;140
4448;2019.01.07;10:19;10779.4;10782.9;10777.4;10778.2;100
4449;2019.01.07;10:20;10777.9;10779.9;10774.2;10774.7;123
4450;2019.01.07;10:21;10774.4;10789.8;10774.4;10786.2;125
4451;2019.01.07;10:22;10786.3;10793.8;10785.3;10793.3;118
4452;2019.01.07;10:23;10793.8;10797.0;10789.3;10789.3;95
4453;2019.01.07;10:24;10789.8;10790.8;10785.3;10785.5;64
4454;2019.01.07;10:25;10785.3;10787.1;10778.6;10785.4;107
4455;2019.01.07;10:26;10785.2;10790.2;10783.9;10785.5;85
4456;2019.01.07;10:27;10785.0;10792.5;10784.0;10788.1;79
4457;2019.01.07;10:28;10787.4;10789.1;10784.4;10789.1;70
4458;2019.01.07;10:29;10789.4;10792.4;10787.1;10790.6;80
4459;2019.01.07;10:30;10789.6;10792.8;10780.8;10790.8;150
4460;2019.01.07;10:31;10791.6;10800.0;10790.6;10797.7;122
4461;2019.01.07;10:32;10797.5;10799.7;10793.3;10796.0;92
4462;2019.01.07;10:33;10795.3;10798.6;10791.9;10792.6;94
4463;2019.01.07;10:34;10793.4;10794.4;10785.2;10785.7;99
4464;2019.01.07;10:35;10786.5;10789.4;10781.6;10785.6;114
4465;2019.01.07;10:36;10785.1;10786.1;10776.5;10778.0;109
4466;2019.01.07;10:37;10777.8;10778.3;10773.5;10777.4;105
4467;2019.01.07;10:38;10777.2;10778.9;10769.0;10771.0;97
4468;2019.01.07;10:39;10770.7;10777.2;10768.0;10770.5;100
4469;2019.01.07;10:40;10771.0;10773.0;10768.0;10768.5;69
4470;2019.01.07;10:41;10769.0;10775.2;10769.0;10771.2;85
4471;2019.01.07;10:42;10771.7;10782.2;10771.2;10777.7;73
4472;2019.01.07;10:43;10777.9;10783.3;10776.8;10782.6;63
4473;2019.01.07;10:44;10783.1;10790.5;10783.1;10786.6;108
4474;2019.01.07;10:45;10786.8;10786.8;10775.5;10779.0;108
4475;2019.01.07;10:46;10779.8;10779.8;10771.4;10772.9;75
4476;2019.01.07;10:47;10773.4;10773.4;10769.5;10770.8;79
4477;2019.01.07;10:48;10771.0;10773.6;10769.1;10770.3;68
4478;2019.01.07;10:49;10770.6;10771.4;10767.4;10769.6;86
4479;2019.01.07;10:50;10771.4;10780.2;10771.4;10777.9;105
4480;2019.01.07;10:51;10777.2;10777.2;10771.5;10773.2;68
4481;2019.01.07;10:52;10773.7;10776.0;10770.9;10770.9;61
4482;2019.01.07;10:53;10770.4;10770.4;10756.8;10757.1;122
4483;2019.01.07;10:54;10757.8;10764.3;10757.8;10762.8;99
4484;2019.01.07;10:55;10763.5;10764.3;10758.3;10758.8;77
4485;2019.01.07;10:56;10758.5;10763.3;10757.3;10761.6;104
4486;2019.01.07;10:57;10761.8;10768.3;10761.8;10766.4;72
4487;2019.01.07;10:58;10765.4;10767.9;10761.8;10762.3;77
4488;2019.01.07;10:59;10762.0;10762.3;10755.2;10757.6;100
4489;2019.01.07;11:00;10758.1;10773.3;10758.1;10772.6;134
5208;2019.01.07;22:59;10752.9;10753.6;10740.9;10742.9;64
5694;2019.01.08;09:00;10777.7;10780.0;10761.0;10761.7;114
5695;2019.01.08;09:01;10761.6;10764.4;10751.4;10753.1;105
5696;2019.01.08;09:02;10753.6;10760.9;10752.0;10753.2;96
5697;2019.01.08;09:03;10752.7;10752.9;10747.0;10751.2;67
5698;2019.01.08;09:04;10751.5;10753.4;10751.1;10753.4;45
5699;2019.01.08;09:05;10753.6;10757.7;10753.4;10756.8;51
5700;2019.01.08;09:06;10757.1;10757.8;10756.8;10757.0;28
5701;2019.01.08;09:07;10757.7;10760.1;10757.5;10760.1;24
5702;2019.01.08;09:08;10760.4;10766.6;10759.9;10759.9;49
5703;2019.01.08;09:09;10760.5;10766.0;10760.5;10766.0;29
5704;2019.01.08;09:10;10765.7;10768.9;10765.0;10766.9;41
5705;2019.01.08;09:11;10767.1;10767.6;10763.6;10763.6;21
5706;2019.01.08;09:12;10763.4;10769.4;10762.4;10767.2;48
5707;2019.01.08;09:13;10768.2;10768.7;10763.5;10765.0;40
5708;2019.01.08;09:14;10765.2;10765.2;10763.5;10764.5;33
5709;2019.01.08;09:15;10764.2;10770.9;10764.2;10768.4;81
5710;2019.01.08;09:16;10768.6;10776.1;10768.6;10771.8;77
5711;2019.01.08;09:17;10772.2;10772.4;10770.2;10770.9;39
5712;2019.01.08;09:18;10770.5;10770.5;10766.0;10767.2;39
5713;2019.01.08;09:19;10766.7;10768.2;10765.7;10767.5;21
5714;2019.01.08;09:20;10766.7;10768.7;10765.7;10766.7;29
5715;2019.01.08;09:21;10766.2;10767.5;10763.5;10764.7;42
5716;2019.01.08;09:22;10764.5;10765.7;10761.5;10762.2;25
5717;2019.01.08;09:23;10761.7;10764.6;10761.7;10764.1;36
5718;2019.01.08;09:24;10763.6;10764.6;10763.6;10763.6;9
5719;2019.01.08;09:25;10763.1;10764.1;10761.6;10763.9;29
5720;2019.01.08;09:26;10763.7;10764.9;10761.2;10761.9;28
5721;2019.01.08;09:27;10761.4;10762.5;10758.2;10762.5;35
5722;2019.01.08;09:28;10762.2;10763.0;10760.1;10762.4;32
5723;2019.01.08;09:29;10762.1;10763.6;10761.1;10761.9;25
5724;2019.01.08;09:30;10761.6;10764.1;10759.3;10760.5;30
5725;2019.01.08;09:31;10761.3;10764.1;10760.1;10761.6;40
5726;2019.01.08;09:32;10760.4;10761.9;10757.6;10760.7;29
5727;2019.01.08;09:33;10760.2;10761.9;10759.2;10759.9;33
5728;2019.01.08;09:34;10760.2;10760.2;10756.7;10759.4;35
5729;2019.01.08;09:35;10757.9;10761.1;10757.2;10760.1;27
5730;2019.01.08;09:36;10759.9;10760.9;10759.1;10759.5;21
5731;2019.01.08;09:37;10760.2;10761.5;10758.8;10758.8;19
5732;2019.01.08;09:38;10758.5;10759.4;10753.9;10754.4;53
5733;2019.01.08;09:39;10754.2;10754.9;10750.8;10753.8;52
5734;2019.01.08;09:40;10753.3;10753.8;10751.7;10752.7;35
5735;2019.01.08;09:41;10753.7;10754.9;10752.2;10754.9;24
5736;2019.01.08;09:42;10755.7;10757.4;10755.1;10755.1;28
5737;2019.01.08;09:43;10754.4;10756.1;10754.1;10754.4;19
5738;2019.01.08;09:44;10754.1;10754.1;10746.5;10750.0;68
5739;2019.01.08;09:45;10749.7;10752.2;10748.2;10752.0;45
5740;2019.01.08;09:46;10751.7;10752.2;10745.4;10745.6;58
5741;2019.01.08;09:47;10745.4;10748.0;10745.0;10745.8;41
5742;2019.01.08;09:48;10746.1;10748.6;10744.8;10748.1;39
5743;2019.01.08;09:49;10747.4;10747.7;10744.9;10745.2;41
5744;2019.01.08;09:50;10745.7;10747.7;10745.2;10747.2;38
5745;2019.01.08;09:51;10746.2;10748.7;10745.5;10748.5;29
5746;2019.01.08;09:52;10748.2;10750.1;10747.6;10749.4;33
5747;2019.01.08;09:53;10749.1;10750.0;10747.5;10748.5;37
5748;2019.01.08;09:54;10748.8;10748.8;10745.2;10746.4;25
5749;2019.01.08;09:55;10746.7;10746.7;10740.7;10743.7;58
5750;2019.01.08;09:56;10744.2;10745.2;10743.2;10744.5;24
5751;2019.01.08;09:57;10745.2;10747.5;10743.5;10745.2;39
5752;2019.01.08;09:58;10745.7;10747.0;10745.2;10746.5;22
5753;2019.01.08;09:59;10746.7;10746.7;10743.8;10744.8;45
5754;2019.01.08;10:00;10745.3;10753.8;10741.3;10746.3;172
5755;2019.01.08;10:01;10746.1;10755.8;10743.3;10755.1;169
5756;2019.01.08;10:02;10755.0;10756.8;10752.5;10756.7;102
5757;2019.01.08;10:03;10757.0;10763.6;10756.1;10761.3;99
5758;2019.01.08;10:04;10761.8;10769.4;10761.8;10768.4;132
5759;2019.01.08;10:05;10769.1;10772.6;10763.1;10767.7;119
5760;2019.01.08;10:06;10768.2;10769.7;10759.8;10764.5;123
5761;2019.01.08;10:07;10764.9;10768.2;10761.6;10767.9;109
5762;2019.01.08;10:08;10768.2;10771.3;10763.8;10766.5;93
5763;2019.01.08;10:09;10766.8;10773.0;10766.0;10772.0;99
5764;2019.01.08;10:10;10772.3;10781.2;10771.5;10778.5;156
5765;2019.01.08;10:11;10778.0;10783.0;10775.4;10776.6;111
5766;2019.01.08;10:12;10777.4;10782.3;10776.6;10781.0;95
5767;2019.01.08;10:13;10780.4;10782.6;10776.4;10780.6;88
5768;2019.01.08;10:14;10780.1;10781.8;10777.1;10777.4;85
5769;2019.01.08;10:15;10777.1;10779.6;10770.7;10774.2;122
5770;2019.01.08;10:16;10775.2;10780.7;10774.5;10777.0;106
5771;2019.01.08;10:17;10777.6;10787.6;10777.6;10784.4;178
5772;2019.01.08;10:18;10784.0;10789.9;10781.7;10787.9;131
5773;2019.01.08;10:19;10788.1;10788.4;10782.6;10785.2;108
5774;2019.01.08;10:20;10785.5;10791.2;10783.0;10787.7;115
5775;2019.01.08;10:21;10787.5;10790.2;10785.0;10787.2;139
5776;2019.01.08;10:22;10787.8;10790.3;10783.6;10789.8;100
5777;2019.01.08;10:23;10790.6;10797.0;10787.0;10796.7;131
5778;2019.01.08;10:24;10796.5;10798.2;10793.0;10793.8;107
5779;2019.01.08;10:25;10794.0;10794.8;10788.8;10791.3;114
5780;2019.01.08;10:26;10791.8;10796.3;10791.8;10793.3;91
5781;2019.01.08;10:27;10792.8;10799.5;10792.8;10796.1;98
5782;2019.01.08;10:28;10795.8;10797.1;10791.1;10794.8;94
5783;2019.01.08;10:29;10795.3;10799.1;10794.6;10798.2;82
5784;2019.01.08;10:30;10797.7;10803.4;10796.4;10800.6;115
5785;2019.01.08;10:31;10800.9;10804.3;10800.0;10800.3;99
5786;2019.01.08;10:32;10799.4;10800.3;10797.0;10798.3;91
5787;2019.01.08;10:33;10798.8;10804.2;10798.8;10804.2;77
5788;2019.01.08;10:34;10804.0;10810.5;10799.7;10800.8;110
5789;2019.01.08;10:35;10800.5;10804.3;10798.8;10799.3;76
5790;2019.01.08;10:36;10799.0;10803.4;10799.0;10803.4;55
5791;2019.01.08;10:37;10804.4;10809.6;10804.4;10807.5;104
5792;2019.01.08;10:38;10805.8;10806.0;10798.8;10800.3;86
5793;2019.01.08;10:39;10800.1;10805.8;10799.6;10804.3;77
5794;2019.01.08;10:40;10803.8;10806.3;10802.3;10803.5;94
5795;2019.01.08;10:41;10803.8;10803.8;10796.3;10796.8;97
5796;2019.01.08;10:42;10797.3;10797.5;10788.3;10791.3;109
5797;2019.01.08;10:43;10792.0;10792.0;10787.8;10790.8;113
5798;2019.01.08;10:44;10790.3;10800.5;10790.3;10797.3;99
5799;2019.01.08;10:45;10797.5;10805.3;10797.3;10804.5;75
5800;2019.01.08;10:46;10804.3;10808.3;10801.8;10807.2;98
5801;2019.01.08;10:47;10806.7;10807.2;10804.0;10805.8;89
5802;2019.01.08;10:48;10806.0;10813.5;10804.8;10811.3;109
5803;2019.01.08;10:49;10812.0;10812.0;10802.6;10804.3;103
5804;2019.01.08;10:50;10805.6;10807.1;10798.9;10801.4;94
5805;2019.01.08;10:51;10800.9;10805.6;10800.6;10803.1;89
5806;2019.01.08;10:52;10802.9;10804.6;10800.4;10803.9;77
5807;2019.01.08;10:53;10804.1;10810.4;10801.9;10808.9;80
5808;2019.01.08;10:54;10808.1;10808.1;10797.9;10798.7;77
5809;2019.01.08;10:55;10798.4;10801.9;10796.4;10797.0;95
5810;2019.01.08;10:56;10797.5;10797.7;10791.0;10794.0;81
5811;2019.01.08;10:57;10793.5;10796.8;10790.3;10796.8;81
5812;2019.01.08;10:58;10797.0;10811.3;10795.5;10807.5;115
5813;2019.01.08;10:59;10807.0;10809.8;10804.8;10807.0;82
5814;2019.01.08;11:00;10806.8;10814.0;10806.5;10812.1;123
6533;2019.01.08;22:59;10849.5;10849.5;10843.0;10844.5;37
7023;2019.01.09;09:00;10906.4;10908.0;10899.7;10907.5;104
7024;2019.01.09;09:01;10908.0;10908.8;10905.0;10907.8;58
7025;2019.01.09;09:02;10908.3;10910.3;10907.3;10909.3;46
7026;2019.01.09;09:03;10909.8;10911.3;10908.8;10911.0;38
7027;2019.01.09;09:04;10910.3;10911.3;10909.0;10909.3;22
7028;2019.01.09;09:05;10909.5;10910.2;10903.9;10907.0;43
7029;2019.01.09;09:06;10907.5;10908.7;10906.5;10906.8;42
7030;2019.01.09;09:07;10906.5;10908.3;10906.3;10908.3;30
7031;2019.01.09;09:08;10908.8;10908.8;10904.3;10904.5;40
7032;2019.01.09;09:09;10904.3;10905.7;10903.3;10905.4;37
7033;2019.01.09;09:10;10905.2;10907.3;10904.4;10907.1;32
7034;2019.01.09;09:11;10907.3;10911.1;10907.1;10910.9;50
7035;2019.01.09;09:12;10910.6;10913.7;10909.4;10912.9;42
7036;2019.01.09;09:13;10913.2;10919.9;10913.2;10919.4;56
7037;2019.01.09;09:14;10919.9;10922.6;10918.2;10920.1;45
7038;2019.01.09;09:15;10919.6;10924.3;10917.4;10924.3;52
7039;2019.01.09;09:16;10924.5;10926.8;10922.0;10923.8;65
7040;2019.01.09;09:17;10923.3;10923.3;10916.7;10916.7;47
7041;2019.01.09;09:18;10916.9;10924.0;10916.7;10923.7;37
7042;2019.01.09;09:19;10925.7;10925.7;10919.2;10919.4;28
7043;2019.01.09;09:20;10918.9;10921.4;10917.5;10917.5;41
7044;2019.01.09;09:21;10918.0;10918.7;10913.5;10916.3;55
7045;2019.01.09;09:22;10916.5;10922.2;10916.5;10921.7;68
7046;2019.01.09;09:23;10922.2;10923.4;10920.2;10921.9;38
7047;2019.01.09;09:24;10922.1;10924.4;10921.4;10922.9;28
7048;2019.01.09;09:25;10922.4;10924.4;10920.9;10921.7;38
7049;2019.01.09;09:26;10921.9;10922.2;10919.7;10919.7;27
7050;2019.01.09;09:27;10920.2;10920.4;10917.2;10918.4;21
7051;2019.01.09;09:28;10917.9;10920.5;10917.7;10919.0;25
7052;2019.01.09;09:29;10918.8;10919.8;10917.8;10919.5;21
7053;2019.01.09;09:30;10919.3;10921.3;10917.9;10918.2;37
7054;2019.01.09;09:31;10917.9;10917.9;10912.6;10912.6;60
7055;2019.01.09;09:32;10912.3;10915.1;10909.5;10911.5;45
7056;2019.01.09;09:33;10911.8;10915.0;10911.7;10913.4;40
7057;2019.01.09;09:34;10913.9;10917.2;10913.9;10914.8;29
7058;2019.01.09;09:35;10913.8;10914.3;10910.6;10914.3;46
7059;2019.01.09;09:36;10915.1;10915.7;10911.7;10912.2;33
7060;2019.01.09;09:37;10911.9;10912.2;10910.2;10911.0;21
7061;2019.01.09;09:38;10911.3;10917.0;10910.3;10917.0;38
7062;2019.01.09;09:39;10916.8;10916.8;10912.3;10912.3;29
7063;2019.01.09;09:40;10911.8;10913.0;10908.3;10908.8;37
7064;2019.01.09;09:41;10907.5;10908.3;10902.2;10902.2;54
7065;2019.01.09;09:42;10903.0;10903.0;10895.3;10898.7;90
7066;2019.01.09;09:43;10898.4;10901.5;10898.4;10901.3;45
7067;2019.01.09;09:44;10901.5;10902.5;10896.8;10897.5;43
7068;2019.01.09;09:45;10896.0;10899.4;10895.5;10897.7;46
7069;2019.01.09;09:46;10896.2;10897.5;10893.9;10895.2;61
7070;2019.01.09;09:47;10895.5;10896.8;10894.0;10895.5;32
7071;2019.01.09;09:48;10896.0;10899.5;10895.5;10897.2;50
7072;2019.01.09;09:49;10896.5;10899.2;10896.2;10898.2;44
7073;2019.01.09;09:50;10898.4;10899.2;10893.2;10896.3;35
7074;2019.01.09;09:51;10896.8;10897.0;10895.3;10896.3;17
7075;2019.01.09;09:52;10896.0;10897.3;10894.7;10895.7;27
7076;2019.01.09;09:53;10896.2;10896.2;10885.0;10886.7;75
7077;2019.01.09;09:54;10887.0;10887.5;10884.7;10885.7;25
7078;2019.01.09;09:55;10885.2;10885.5;10881.3;10881.8;69
7079;2019.01.09;09:56;10881.3;10881.8;10874.2;10874.2;74
7080;2019.01.09;09:57;10875.0;10879.2;10874.2;10877.7;66
7081;2019.01.09;09:58;10877.5;10877.5;10874.0;10876.5;46
7082;2019.01.09;09:59;10877.3;10884.6;10876.3;10884.6;79
7083;2019.01.09;10:00;10885.6;10888.6;10880.1;10882.9;189
7084;2019.01.09;10:01;10882.6;10890.9;10880.4;10889.1;112
7085;2019.01.09;10:02;10888.9;10888.9;10878.9;10881.4;136
7086;2019.01.09;10:03;10882.6;10884.9;10880.4;10882.3;106
7087;2019.01.09;10:04;10882.5;10884.8;10878.6;10879.1;72
7088;2019.01.09;10:05;10877.9;10880.2;10864.3;10868.1;134
7089;2019.01.09;10:06;10867.8;10868.8;10854.8;10855.3;178
7090;2019.01.09;10:07;10855.5;10864.1;10854.5;10861.8;122
7091;2019.01.09;10:08;10861.6;10880.0;10861.6;10878.1;173
7092;2019.01.09;10:09;10878.3;10879.8;10870.7;10870.7;126
7093;2019.01.09;10:10;10870.0;10882.9;10867.5;10879.4;155
7094;2019.01.09;10:11;10879.6;10886.1;10878.7;10879.7;120
7095;2019.01.09;10:12;10879.0;10883.3;10873.6;10874.1;100
7096;2019.01.09;10:13;10874.6;10878.4;10870.6;10877.9;108
7097;2019.01.09;10:14;10877.6;10883.1;10873.0;10875.5;89
7098;2019.01.09;10:15;10875.7;10876.5;10871.5;10872.7;102
7099;2019.01.09;10:16;10872.5;10872.5;10867.6;10871.4;111
7100;2019.01.09;10:17;10871.9;10881.9;10871.1;10879.3;123
7101;2019.01.09;10:18;10879.8;10893.5;10878.8;10891.0;178
7102;2019.01.09;10:19;10890.2;10891.5;10885.6;10887.8;140
7103;2019.01.09;10:20;10888.1;10888.3;10884.0;10885.8;113
7104;2019.01.09;10:21;10886.0;10886.0;10878.8;10879.8;138
7105;2019.01.09;10:22;10880.5;10883.7;10873.3;10882.6;134
7106;2019.01.09;10:23;10882.1;10885.2;10879.7;10880.2;101
7107;2019.01.09;10:24;10880.4;10882.1;10877.8;10878.3;77
7108;2019.01.09;10:25;10877.1;10878.7;10870.6;10876.2;143
7109;2019.01.09;10:26;10875.9;10882.4;10875.2;10875.2;74
7110;2019.01.09;10:27;10874.9;10882.1;10874.2;10876.2;116
7111;2019.01.09;10:28;10876.0;10882.0;10872.3;10882.0;96
7112;2019.01.09;10:29;10881.8;10884.8;10879.8;10884.8;92
7113;2019.01.09;10:30;10884.3;10886.4;10878.2;10879.7;108
7114;2019.01.09;10:31;10879.2;10888.9;10878.2;10885.2;102
7115;2019.01.09;10:32;10884.7;10886.2;10879.2;10879.7;97
7116;2019.01.09;10:33;10879.2;10885.7;10878.5;10882.1;78
7117;2019.01.09;10:34;10881.6;10882.6;10878.0;10878.5;74
7118;2019.01.09;10:35;10878.3;10883.1;10875.5;10878.1;83
7119;2019.01.09;10:36;10878.9;10886.3;10877.9;10882.5;87
7120;2019.01.09;10:37;10881.8;10886.8;10881.3;10884.0;69
7121;2019.01.09;10:38;10884.3;10887.9;10883.3;10887.2;59
7122;2019.01.09;10:39;10887.7;10891.7;10886.2;10889.6;106
7123;2019.01.09;10:40;10889.3;10912.0;10889.3;10904.1;167
7124;2019.01.09;10:41;10904.8;10914.5;10904.8;10906.5;130
7125;2019.01.09;10:42;10906.8;10910.0;10902.3;10910.0;114
7126;2019.01.09;10:43;10909.7;10913.4;10907.2;10907.9;106
7127;2019.01.09;10:44;10907.6;10913.6;10906.8;10911.9;82
7128;2019.01.09;10:45;10911.7;10912.9;10909.2;10910.4;85
7129;2019.01.09;10:46;10910.9;10919.1;10910.1;10916.6;106
7130;2019.01.09;10:47;10918.6;10918.6;10915.8;10917.8;71
7131;2019.01.09;10:48;10918.3;10924.8;10918.3;10923.4;124
7132;2019.01.09;10:49;10923.1;10926.6;10921.4;10923.6;114
7133;2019.01.09;10:50;10925.6;10932.4;10922.1;10926.4;99
7134;2019.01.09;10:51;10925.9;10932.4;10925.9;10927.3;156
7135;2019.01.09;10:52;10926.8;10933.7;10926.8;10932.5;102
7136;2019.01.09;10:53;10932.8;10936.0;10930.2;10930.5;90
7137;2019.01.09;10:54;10930.7;10931.2;10928.3;10928.7;52
7138;2019.01.09;10:55;10929.0;10931.8;10927.6;10928.6;80
7139;2019.01.09;10:56;10927.8;10930.3;10924.8;10925.3;100
7140;2019.01.09;10:57;10925.0;10926.6;10923.9;10925.9;73
7141;2019.01.09;10:58;10926.1;10927.6;10923.1;10925.4;65
7142;2019.01.09;10:59;10924.9;10926.9;10920.4;10925.6;86
7143;2019.01.09;11:00;10926.4;10929.9;10926.1;10928.7;77
7862;2019.01.09;22:59;10898.3;10899.8;10897.5;10899.8;29
8370;2019.01.10;09:00;10832.4;10835.6;10826.7;10832.1;93
8371;2019.01.10;09:01;10831.9;10834.4;10825.9;10834.1;63
8372;2019.01.10;09:02;10834.4;10834.4;10832.3;10833.1;34
8373;2019.01.10;09:03;10832.9;10833.5;10830.3;10830.3;28
8374;2019.01.10;09:04;10830.0;10830.0;10819.9;10820.9;72
8375;2019.01.10;09:05;10820.6;10822.7;10819.9;10822.7;39
8376;2019.01.10;09:06;10823.0;10824.5;10820.5;10820.5;36
8377;2019.01.10;09:07;10820.0;10821.5;10817.3;10818.2;30
8378;2019.01.10;09:08;10817.7;10819.2;10817.4;10819.2;19
8379;2019.01.10;09:09;10820.0;10822.3;10817.7;10819.8;34
8380;2019.01.10;09:10;10819.5;10823.0;10819.5;10821.8;29
8381;2019.01.10;09:11;10822.3;10826.5;10822.3;10826.2;28
8382;2019.01.10;09:12;10825.2;10825.2;10819.7;10822.8;35
8383;2019.01.10;09:13;10822.5;10823.0;10820.0;10823.0;29
8384;2019.01.10;09:14;10823.3;10825.3;10821.5;10823.8;22
8385;2019.01.10;09:15;10825.0;10832.3;10825.0;10829.7;52
8386;2019.01.10;09:16;10830.0;10832.1;10829.1;10829.3;33
8387;2019.01.10;09:17;10829.8;10830.1;10826.0;10826.0;32
8388;2019.01.10;09:18;10826.3;10831.4;10826.0;10831.4;33
8389;2019.01.10;09:19;10831.1;10832.1;10826.7;10829.0;60
8390;2019.01.10;09:20;10829.5;10831.8;10827.7;10831.8;32
8391;2019.01.10;09:21;10831.0;10831.8;10828.4;10828.4;22
8392;2019.01.10;09:22;10827.9;10832.9;10827.9;10832.9;27
8393;2019.01.10;09:23;10832.4;10832.4;10830.7;10831.9;14
8394;2019.01.10;09:24;10832.2;10832.4;10828.2;10828.7;38
8395;2019.01.10;09:25;10827.9;10831.4;10827.4;10827.4;35
8396;2019.01.10;09:26;10827.6;10833.7;10827.6;10833.7;21
8397;2019.01.10;09:27;10833.4;10834.5;10830.4;10833.8;40
8398;2019.01.10;09:28;10833.3;10835.2;10832.4;10833.7;23
8399;2019.01.10;09:29;10833.9;10833.9;10831.7;10832.0;30
8400;2019.01.10;09:30;10832.5;10833.7;10829.8;10831.3;49
8401;2019.01.10;09:31;10831.5;10838.8;10831.5;10832.8;62
8402;2019.01.10;09:32;10832.3;10834.0;10832.3;10833.3;30
8403;2019.01.10;09:33;10833.0;10833.3;10832.9;10832.9;9
8404;2019.01.10;09:34;10832.4;10833.3;10830.9;10833.1;24
8405;2019.01.10;09:35;10832.6;10833.6;10832.0;10833.5;29
8406;2019.01.10;09:36;10833.8;10834.9;10832.3;10832.8;25
8407;2019.01.10;09:37;10833.3;10836.8;10833.0;10834.5;28
8408;2019.01.10;09:38;10833.3;10835.5;10831.0;10831.5;32
8409;2019.01.10;09:39;10832.3;10832.8;10830.5;10832.2;34
8410;2019.01.10;09:40;10832.0;10832.7;10828.9;10828.9;35
8411;2019.01.10;09:41;10829.4;10830.9;10828.2;10829.2;37
8412;2019.01.10;09:42;10829.4;10829.4;10824.9;10826.3;39
8413;2019.01.10;09:43;10826.5;10828.0;10826.0;10826.0;18
8414;2019.01.10;09:44;10825.8;10828.5;10825.8;10828.0;35
8415;2019.01.10;09:45;10827.8;10828.0;10824.4;10825.9;22
8416;2019.01.10;09:46;10826.2;10827.4;10824.4;10824.4;32
8417;2019.01.10;09:47;10824.1;10825.9;10822.5;10822.8;29
8418;2019.01.10;09:48;10822.5;10822.8;10817.5;10820.9;67
8419;2019.01.10;09:49;10821.4;10822.7;10819.9;10820.2;31
8420;2019.01.10;09:50;10820.0;10820.4;10816.4;10819.9;51
8421;2019.01.10;09:51;10818.9;10819.7;10816.2;10816.4;29
8422;2019.01.10;09:52;10816.1;10818.1;10814.4;10815.1;37
8423;2019.01.10;09:53;10816.1;10820.1;10816.1;10819.6;54
8424;2019.01.10;09:54;10819.6;10824.4;10819.4;10822.2;47
8425;2019.01.10;09:55;10822.5;10824.6;10822.0;10823.9;35
8426;2019.01.10;09:56;10823.1;10823.1;10821.2;10822.2;28
8427;2019.01.10;09:57;10822.7;10823.0;10819.1;10820.4;33
8428;2019.01.10;09:58;10820.3;10821.7;10820.3;10821.2;24
8429;2019.01.10;09:59;10820.9;10824.9;10820.9;10823.1;45
8430;2019.01.10;10:00;10823.3;10863.1;10823.3;10849.8;227
8431;2019.01.10;10:01;10850.3;10855.5;10846.3;10851.0;137
8432;2019.01.10;10:02;10851.2;10852.3;10841.6;10841.9;110
8433;2019.01.10;10:03;10842.4;10842.6;10828.8;10830.0;144
8434;2019.01.10;10:04;10830.3;10831.1;10825.6;10830.6;114
8435;2019.01.10;10:05;10830.7;10831.4;10812.3;10813.8;163
8436;2019.01.10;10:06;10813.3;10813.8;10799.6;10799.6;191
8437;2019.01.10;10:07;10799.9;10805.9;10789.1;10792.6;246
8438;2019.01.10;10:08;10792.1;10796.9;10789.1;10791.4;150
8439;2019.01.10;10:09;10791.9;10793.6;10785.7;10788.6;133
8440;2019.01.10;10:10;10788.1;10795.4;10786.1;10795.1;133
8441;2019.01.10;10:11;10795.4;10806.8;10791.8;10805.8;133
8442;2019.01.10;10:12;10805.3;10810.3;10802.5;10806.7;152
8443;2019.01.10;10:13;10806.5;10810.1;10800.8;10809.8;137
8444;2019.01.10;10:14;10810.3;10823.3;10809.5;10816.3;174
8445;2019.01.10;10:15;10815.5;10816.3;10808.3;10811.3;132
8446;2019.01.10;10:16;10810.8;10813.8;10809.4;10811.8;106
8447;2019.01.10;10:17;10812.1;10814.3;10802.8;10802.8;129
8448;2019.01.10;10:18;10803.1;10806.1;10797.6;10799.3;145
8449;2019.01.10;10:19;10800.3;10808.1;10799.3;10808.1;109
8450;2019.01.10;10:20;10808.6;10813.5;10808.6;10809.5;96
8451;2019.01.10;10:21;10809.0;10810.8;10800.0;10802.7;132
8452;2019.01.10;10:22;10802.5;10809.4;10800.5;10809.2;113
8453;2019.01.10;10:23;10809.4;10810.7;10805.1;10805.1;87
8454;2019.01.10;10:24;10805.4;10809.9;10802.9;10807.1;102
8455;2019.01.10;10:25;10807.6;10819.3;10803.8;10818.3;125
8456;2019.01.10;10:26;10817.8;10817.8;10813.0;10816.7;92
8457;2019.01.10;10:27;10817.5;10819.2;10813.5;10816.2;76
8458;2019.01.10;10:28;10815.7;10821.2;10815.7;10820.7;73
8459;2019.01.10;10:29;10821.2;10828.6;10820.2;10826.6;121
8460;2019.01.10;10:30;10827.1;10843.1;10825.1;10836.3;161
8461;2019.01.10;10:31;10836.6;10836.6;10832.1;10834.1;147
8462;2019.01.10;10:32;10834.6;10834.6;10827.7;10829.0;100
8463;2019.01.10;10:33;10828.2;10828.3;10822.6;10827.1;102
8464;2019.01.10;10:34;10826.6;10827.4;10820.2;10825.2;101
8465;2019.01.10;10:35;10825.9;10827.9;10822.7;10823.0;94
8466;2019.01.10;10:36;10823.5;10825.3;10821.0;10822.5;66
8467;2019.01.10;10:37;10822.3;10825.3;10818.5;10825.3;106
8468;2019.01.10;10:38;10824.6;10839.5;10821.3;10834.2;109
8469;2019.01.10;10:39;10833.5;10843.9;10833.5;10843.9;120
8470;2019.01.10;10:40;10842.1;10842.4;10835.4;10837.9;104
8471;2019.01.10;10:41;10837.4;10838.9;10835.7;10836.0;64
8472;2019.01.10;10:42;10836.5;10837.5;10832.3;10834.0;95
8473;2019.01.10;10:43;10833.5;10833.5;10822.0;10824.3;110
8474;2019.01.10;10:44;10824.5;10824.5;10808.6;10810.1;133
8475;2019.01.10;10:45;10809.9;10810.4;10798.9;10800.1;135
8476;2019.01.10;10:46;10799.1;10804.1;10797.9;10803.6;125
8477;2019.01.10;10:47;10803.4;10816.0;10802.6;10815.5;98
8478;2019.01.10;10:48;10814.7;10823.9;10814.7;10823.2;98
8479;2019.01.10;10:49;10822.9;10826.1;10820.9;10825.6;94
8480;2019.01.10;10:50;10824.9;10825.9;10816.8;10818.8;118
8481;2019.01.10;10:51;10819.8;10819.8;10812.4;10812.6;69
8482;2019.01.10;10:52;10812.9;10818.9;10811.6;10815.6;84
8483;2019.01.10;10:53;10815.8;10817.1;10812.1;10813.9;82
8484;2019.01.10;10:54;10814.4;10821.8;10813.6;10820.1;79
8485;2019.01.10;10:55;10820.3;10828.5;10815.6;10828.3;94
8486;2019.01.10;10:56;10828.8;10830.9;10825.5;10829.7;65
8487;2019.01.10;10:57;10829.4;10830.4;10821.7;10823.2;95
8488;2019.01.10;10:58;10822.4;10826.2;10820.7;10822.5;55
8489;2019.01.10;10:59;10822.7;10829.7;10819.5;10821.3;98
8490;2019.01.10;11:00;10821.5;10829.4;10819.8;10828.6;98
9209;2019.01.10;22:59;10969.6;10969.6;10963.6;10969.4;74
9700;2019.01.11;09:00;10945.9;10950.7;10940.9;10941.9;71
9701;2019.01.11;09:01;10942.4;10944.2;10940.4;10944.2;65
9702;2019.01.11;09:02;10943.9;10944.2;10941.4;10942.9;31
9703;2019.01.11;09:03;10942.7;10946.7;10941.2;10946.4;30
9704;2019.01.11;09:04;10945.7;10949.9;10945.4;10949.9;27
9705;2019.01.11;09:05;10950.2;10953.9;10949.6;10953.1;31
9706;2019.01.11;09:06;10952.9;10957.5;10952.9;10954.9;64
9707;2019.01.11;09:07;10954.6;10958.7;10954.2;10958.4;29
9708;2019.01.11;09:08;10957.7;10958.7;10951.9;10952.9;36
9709;2019.01.11;09:09;10953.2;10955.1;10951.4;10955.1;25
9710;2019.01.11;09:10;10955.4;10959.6;10955.1;10958.5;40
9711;2019.01.11;09:11;10958.8;10960.1;10957.5;10958.6;27
9712;2019.01.11;09:12;10958.4;10960.5;10958.0;10960.3;22
9713;2019.01.11;09:13;10960.8;10961.0;10958.4;10959.3;25
9714;2019.01.11;09:14;10959.0;10959.5;10955.8;10955.8;23
9715;2019.01.11;09:15;10956.0;10956.3;10955.0;10955.9;21
9716;2019.01.11;09:16;10955.4;10955.9;10952.6;10953.9;32
9717;2019.01.11;09:17;10953.4;10956.3;10953.0;10953.6;37
9718;2019.01.11;09:18;10953.9;10954.1;10948.8;10949.6;51
9719;2019.01.11;09:19;10950.1;10953.2;10950.1;10953.2;20
9720;2019.01.11;09:20;10952.9;10961.6;10952.7;10961.4;61
9721;2019.01.11;09:21;10961.1;10961.1;10958.2;10959.4;27
9722;2019.01.11;09:22;10959.7;10960.4;10958.9;10960.4;13
9723;2019.01.11;09:23;10960.2;10961.3;10958.8;10959.8;15
9724;2019.01.11;09:24;10960.0;10960.3;10955.1;10956.0;46
9725;2019.01.11;09:25;10955.2;10956.7;10953.4;10953.4;19
9726;2019.01.11;09:26;10952.1;10952.9;10949.4;10952.1;31
9727;2019.01.11;09:27;10952.4;10953.6;10951.1;10953.6;27
9728;2019.01.11;09:28;10953.9;10954.4;10950.2;10950.9;40
9729;2019.01.11;09:29;10950.4;10952.9;10950.1;10952.9;27
9730;2019.01.11;09:30;10953.1;10953.1;10950.9;10952.4;14
9731;2019.01.11;09:31;10952.9;10953.6;10952.4;10953.4;16
9732;2019.01.11;09:32;10953.1;10953.1;10951.4;10951.4;12
9733;2019.01.11;09:33;10951.1;10951.1;10947.1;10950.1;40
9734;2019.01.11;09:34;10950.3;10950.8;10949.6;10949.6;12
9735;2019.01.11;09:35;10949.1;10950.6;10948.3;10948.5;32
9736;2019.01.11;09:36;10948.0;10951.3;10947.5;10951.1;30
9737;2019.01.11;09:37;10950.6;10950.6;10946.1;10946.1;21
9738;2019.01.11;09:38;10946.6;10948.7;10945.6;10948.2;30
9739;2019.01.11;09:39;10948.4;10948.4;10946.4;10946.9;16
9740;2019.01.11;09:40;10947.2;10948.8;10946.9;10948.8;31
9741;2019.01.11;09:41;10948.5;10949.0;10947.0;10947.6;16
9742;2019.01.11;09:42;10947.4;10948.6;10947.4;10948.3;16
9743;2019.01.11;09:43;10948.6;10948.8;10940.9;10943.9;29
9744;2019.01.11;09:44;10943.6;10943.9;10940.4;10941.4;36
9745;2019.01.11;09:45;10942.6;10945.5;10942.6;10943.1;29
9746;2019.01.11;09:46;10943.5;10943.5;10941.0;10941.2;13
9747;2019.01.11;09:47;10941.0;10943.0;10940.7;10942.7;17
9748;2019.01.11;09:48;10942.5;10946.7;10942.5;10945.2;26
9749;2019.01.11;09:49;10944.7;10945.0;10938.4;10940.2;44
9750;2019.01.11;09:50;10940.7;10941.0;10938.5;10939.5;25
9751;2019.01.11;09:51;10939.0;10941.0;10938.0;10941.0;24
9752;2019.01.11;09:52;10940.7;10941.2;10939.5;10939.7;35
9753;2019.01.11;09:53;10940.7;10942.7;10940.7;10941.2;29
9754;2019.01.11;09:54;10941.5;10944.7;10941.5;10942.2;42
9755;2019.01.11;09:55;10943.2;10944.7;10942.0;10944.2;45
9756;2019.01.11;09:56;10944.5;10944.7;10942.7;10943.7;26
9757;2019.01.11;09:57;10944.2;10945.0;10940.7;10941.2;28
9758;2019.01.11;09:58;10941.7;10943.1;10940.4;10943.1;29
9759;2019.01.11;09:59;10942.9;10952.2;10942.4;10948.4;81
9760;2019.01.11;10:00;10947.7;10953.9;10946.4;10953.5;128
9761;2019.01.11;10:01;10952.7;10955.4;10949.2;10949.2;112
9762;2019.01.11;10:02;10949.7;10952.4;10934.5;10936.0;135
9763;2019.01.11;10:03;10935.8;10939.0;10934.5;10939.0;127
9764;2019.01.11;10:04;10939.5;10946.5;10935.7;10938.4;138
9765;2019.01.11;10:05;10936.4;10936.7;10923.8;10924.8;146
9766;2019.01.11;10:06;10925.5;10929.3;10914.0;10916.0;184
9767;2019.01.11;10:07;10915.5;10919.1;10910.7;10919.1;150
9768;2019.01.11;10:08;10918.9;10927.8;10918.6;10924.9;147
9769;2019.01.11;10:09;10925.1;10937.0;10925.1;10932.1;106
9770;2019.01.11;10:10;10931.6;10932.1;10923.1;10924.6;97
9771;2019.01.11;10:11;10924.8;10926.4;10918.6;10925.6;113
9772;2019.01.11;10:12;10925.4;10934.0;10924.9;10932.5;102
9773;2019.01.11;10:13;10932.2;10933.0;10924.2;10926.5;80
9774;2019.01.11;10:14;10925.7;10926.3;10917.8;10919.3;97
9775;2019.01.11;10:15;10919.8;10923.3;10913.3;10916.8;127
9776;2019.01.11;10:16;10917.3;10927.7;10917.3;10925.3;109
9777;2019.01.11;10:17;10924.8;10925.3;10919.1;10924.6;93
9778;2019.01.11;10:18;10925.1;10930.5;10922.8;10928.5;100
9779;2019.01.11;10:19;10928.8;10932.3;10927.5;10931.0;119
9780;2019.01.11;10:20;10930.8;10937.8;10929.8;10931.3;122
9781;2019.01.11;10:21;10930.8;10932.6;10928.0;10931.8;82
9782;2019.01.11;10:22;10931.6;10935.6;10930.7;10932.7;74
9783;2019.01.11;10:23;10932.2;10938.8;10931.2;10932.4;125
9784;2019.01.11;10:24;10932.2;10933.9;10923.5;10923.5;129
9785;2019.01.11;10:25;10923.2;10931.7;10921.8;10930.7;107
9786;2019.01.11;10:26;10931.0;10934.1;10927.8;10934.1;78
9787;2019.01.11;10:27;10934.4;10935.8;10930.0;10934.0;88
9788;2019.01.11;10:28;10933.3;10939.3;10932.5;10938.4;103
9789;2019.01.11;10:29;10938.9;10942.2;10937.9;10941.7;87
9790;2019.01.11;10:30;10942.9;10942.9;10931.3;10931.3;112
9791;2019.01.11;10:31;10931.8;10938.1;10931.8;10933.9;85
9792;2019.01.11;10:32;10934.9;10938.4;10934.6;10938.3;70
9793;2019.01.11;10:33;10937.3;10938.2;10935.0;10936.5;56
9794;2019.01.11;10:34;10936.3;10937.8;10934.5;10937.0;68
9795;2019.01.11;10:35;10937.2;10940.8;10936.5;10939.9;68
9796;2019.01.11;10:36;10939.4;10939.9;10936.9;10937.6;57
9797;2019.01.11;10:37;10936.8;10936.8;10928.1;10931.5;95
9798;2019.01.11;10:38;10931.0;10932.3;10928.5;10932.0;70
9799;2019.01.11;10:39;10932.3;10934.9;10930.3;10932.1;74
9800;2019.01.11;10:40;10930.8;10933.6;10929.1;10931.6;84
9801;2019.01.11;10:41;10931.9;10932.1;10924.3;10926.3;84
9802;2019.01.11;10:42;10926.8;10929.1;10923.1;10925.0;72
9803;2019.01.11;10:43;10924.2;10925.0;10918.0;10923.8;114
9804;2019.01.11;10:44;10923.3;10924.8;10919.8;10923.0;66
9805;2019.01.11;10:45;10922.5;10923.3;10917.7;10921.4;66
9806;2019.01.11;10:46;10921.9;10924.1;10919.9;10922.6;67
9807;2019.01.11;10:47;10922.9;10931.9;10922.4;10931.9;90
9808;2019.01.11;10:48;10931.4;10937.7;10928.2;10935.0;108
9809;2019.01.11;10:49;10934.5;10939.2;10932.2;10936.7;90
9810;2019.01.11;10:50;10938.2;10938.2;10933.1;10936.4;68
9811;2019.01.11;10:51;10935.9;10937.2;10931.9;10936.4;72
9812;2019.01.11;10:52;10935.2;10938.7;10933.9;10937.9;69
9813;2019.01.11;10:53;10937.6;10945.0;10937.4;10944.5;99
9814;2019.01.11;10:54;10944.8;10945.3;10941.8;10944.2;69
9815;2019.01.11;10:55;10944.7;10950.3;10944.7;10949.5;90
9816;2019.01.11;10:56;10949.7;10950.9;10945.1;10948.1;72
9817;2019.01.11;10:57;10947.6;10952.8;10947.6;10952.8;101
9818;2019.01.11;10:58;10952.4;10953.4;10950.9;10951.5;71
9819;2019.01.11;10:59;10951.2;10954.2;10947.2;10950.2;106
9820;2019.01.11;11:00;10949.0;10949.7;10945.0;10946.2;89
10539;2019.01.14;22:59;10889.6;10892.9;10889.6;10892.4;53
10957;2019.01.14;09:00;10802.2;10817.2;10801.2;10816.7;108
10958;2019.01.14;09:01;10815.4;10815.4;10806.1;10806.8;92
10959;2019.01.14;09:02;10806.6;10811.8;10806.3;10811.1;30
10960;2019.01.14;09:03;10811.3;10813.9;10810.7;10813.9;19
10961;2019.01.14;09:04;10814.2;10816.6;10812.9;10816.1;37
10962;2019.01.14;09:05;10815.8;10820.7;10815.7;10815.7;47
10963;2019.01.14;09:06;10815.2;10815.3;10811.7;10815.3;54
10964;2019.01.14;09:07;10815.6;10817.6;10814.3;10816.3;30
10965;2019.01.14;09:08;10815.6;10816.4;10813.1;10813.6;16
10966;2019.01.14;09:09;10813.1;10816.3;10812.6;10813.1;26
10967;2019.01.14;09:10;10813.8;10817.0;10812.8;10816.3;22
10968;2019.01.14;09:11;10816.5;10816.8;10816.0;10816.5;14
10969;2019.01.14;09:12;10815.8;10815.8;10813.0;10814.0;16
10970;2019.01.14;09:13;10813.3;10813.5;10809.5;10812.5;39
10971;2019.01.14;09:14;10812.3;10812.5;10808.2;10810.5;36
10972;2019.01.14;09:15;10810.8;10812.8;10810.8;10811.7;28
10973;2019.01.14;09:16;10811.2;10811.2;10809.2;10809.2;17
10974;2019.01.14;09:17;10808.7;10811.1;10807.2;10809.3;30
10975;2019.01.14;09:18;10808.6;10810.6;10807.6;10809.3;28
10976;2019.01.14;09:19;10808.8;10810.3;10807.5;10807.7;28
10977;2019.01.14;09:20;10807.5;10807.5;10806.1;10806.1;24
10978;2019.01.14;09:21;10805.8;10808.2;10805.8;10806.8;22
10979;2019.01.14;09:22;10807.1;10808.3;10806.6;10806.8;19
10980;2019.01.14;09:23;10807.3;10808.3;10805.8;10808.1;26
10981;2019.01.14;09:24;10807.6;10807.8;10804.4;10805.8;25
10982;2019.01.14;09:25;10806.3;10811.8;10806.1;10811.3;34
10983;2019.01.14;09:26;10811.6;10814.7;10811.3;10814.7;25
10984;2019.01.14;09:27;10814.2;10816.9;10813.2;10814.9;31
10985;2019.01.14;09:28;10814.7;10818.1;10813.4;10817.1;38
10986;2019.01.14;09:29;10816.8;10817.1;10814.3;10815.6;25
10987;2019.01.14;09:30;10815.8;10820.0;10815.8;10819.6;39
10988;2019.01.14;09:31;10819.1;10820.1;10817.3;10818.8;41
10989;2019.01.14;09:32;10818.3;10819.3;10816.1;10816.1;16
10990;2019.01.14;09:33;10816.3;10817.8;10816.3;10816.5;18
10991;2019.01.14;09:34;10816.3;10817.5;10815.3;10816.9;17
10992;2019.01.14;09:35;10817.1;10819.4;10817.1;10819.4;20
10993;2019.01.14;09:36;10818.9;10818.9;10816.7;10817.2;20
10994;2019.01.14;09:37;10817.4;10818.6;10817.3;10817.6;16
10995;2019.01.14;09:38;10818.4;10818.9;10817.1;10817.1;28
10996;2019.01.14;09:39;10816.3;10816.3;10813.3;10815.5;33
10997;2019.01.14;09:40;10815.3;10815.5;10813.5;10815.5;36
10998;2019.01.14;09:41;10815.3;10815.5;10813.3;10814.3;21
10999;2019.01.14;09:42;10813.8;10814.6;10811.1;10811.3;26
11000;2019.01.14;09:43;10811.6;10811.8;10809.3;10809.8;30
11001;2019.01.14;09:44;10810.3;10813.2;10809.8;10812.7;49
11002;2019.01.14;09:45;10812.9;10816.4;10812.9;10814.7;36
11003;2019.01.14;09:46;10814.9;10816.8;10814.9;10816.8;9
11004;2019.01.14;09:47;10817.0;10817.0;10814.2;10816.2;21
11005;2019.01.14;09:48;10815.9;10816.8;10815.3;10816.3;15
11006;2019.01.14;09:49;10816.0;10816.6;10814.4;10814.4;22
11007;2019.01.14;09:50;10814.7;10815.4;10809.9;10810.4;35
11008;2019.01.14;09:51;10809.9;10811.9;10809.9;10811.2;13
11009;2019.01.14;09:52;10810.9;10811.4;10809.8;10810.2;17
11010;2019.01.14;09:53;10810.4;10812.2;10810.2;10811.9;11
11011;2019.01.14;09:54;10811.7;10813.5;10811.4;10813.0;25
11012;2019.01.14;09:55;10813.5;10815.8;10813.5;10814.3;25
11013;2019.01.14;09:56;10814.8;10817.5;10814.0;10816.8;27
11014;2019.01.14;09:57;10817.3;10819.3;10815.7;10816.2;38
11015;2019.01.14;09:58;10816.4;10817.9;10815.0;10816.0;24
11016;2019.01.14;09:59;10816.3;10816.8;10811.3;10811.3;54
11017;2019.01.14;10:00;10813.3;10823.0;10810.3;10822.0;158
11018;2019.01.14;10:01;10821.8;10827.0;10821.8;10823.2;122
11019;2019.01.14;10:02;10822.9;10825.7;10816.5;10819.3;130
11020;2019.01.14;10:03;10819.5;10821.0;10816.4;10821.0;102
11021;2019.01.14;10:04;10820.7;10829.5;10818.7;10826.5;108
11022;2019.01.14;10:05;10826.2;10828.7;10820.6;10825.9;106
11023;2019.01.14;10:06;10825.6;10829.7;10825.2;10829.1;97
11024;2019.01.14;10:07;10829.4;10829.4;10821.0;10822.1;108
11025;2019.01.14;10:08;10821.8;10830.8;10821.8;10830.8;96
11026;2019.01.14;10:09;10830.5;10831.5;10827.1;10828.6;100
11027;2019.01.14;10:10;10829.1;10830.6;10824.8;10825.6;66
11028;2019.01.14;10:11;10825.4;10825.9;10821.9;10824.4;80
11029;2019.01.14;10:12;10824.1;10824.2;10819.7;10822.7;80
11030;2019.01.14;10:13;10822.4;10827.5;10821.2;10827.5;71
11031;2019.01.14;10:14;10827.2;10828.7;10825.5;10826.8;64
11032;2019.01.14;10:15;10826.5;10828.8;10820.3;10821.9;73
11033;2019.01.14;10:16;10821.4;10822.1;10813.4;10816.9;125
11034;2019.01.14;10:17;10817.4;10821.4;10815.9;10819.2;98
11035;2019.01.14;10:18;10819.5;10826.5;10817.0;10825.5;122
11036;2019.01.14;10:19;10825.0;10833.0;10823.7;10833.0;120
11037;2019.01.14;10:20;10833.8;10836.8;10827.4;10827.4;116
11038;2019.01.14;10:21;10827.6;10829.1;10821.9;10822.9;111
11039;2019.01.14;10:22;10822.2;10831.5;10822.2;10829.2;113
11040;2019.01.14;10:23;10830.7;10830.7;10820.7;10820.7;80
11041;2019.01.14;10:24;10821.2;10823.3;10817.8;10823.3;115
11042;2019.01.14;10:25;10823.5;10827.0;10818.1;10818.6;92
11043;2019.01.14;10:26;10818.3;10820.9;10816.3;10818.8;65
11044;2019.01.14;10:27;10818.1;10820.3;10817.6;10819.8;80
11045;2019.01.14;10:28;10819.5;10821.1;10813.6;10815.4;108
11046;2019.01.14;10:29;10815.9;10822.1;10813.0;10819.3;84
11047;2019.01.14;10:30;10819.1;10826.0;10819.1;10822.4;122
11048;2019.01.14;10:31;10823.0;10824.9;10821.4;10821.4;68
11049;2019.01.14;10:32;10820.9;10823.9;10814.9;10815.4;77
11050;2019.01.14;10:33;10815.2;10823.9;10814.9;10821.8;89
11051;2019.01.14;10:34;10822.8;10828.5;10822.0;10827.5;90
11052;2019.01.14;10:35;10828.0;10832.9;10826.0;10829.7;119
11053;2019.01.14;10:36;10829.4;10831.4;10828.3;10828.3;51
11054;2019.01.14;10:37;10828.0;10830.0;10825.6;10827.5;71
11055;2019.01.14;10:38;10827.8;10828.3;10824.3;10825.3;72
11056;2019.01.14;10:39;10824.8;10827.9;10823.3;10827.9;70
11057;2019.01.14;10:40;10828.1;10857.8;10828.1;10851.8;186
11058;2019.01.14;10:41;10852.3;10857.6;10844.6;10848.1;167
11059;2019.01.14;10:42;10848.6;10849.5;10846.2;10849.0;81
11060;2019.01.14;10:43;10847.7;10849.0;10843.5;10846.5;96
11061;2019.01.14;10:44;10846.2;10848.0;10843.0;10846.0;72
11062;2019.01.14;10:45;10846.2;10847.4;10842.4;10846.4;83
11063;2019.01.14;10:46;10846.1;10849.4;10844.5;10846.5;102
11064;2019.01.14;10:47;10846.3;10850.5;10845.3;10847.8;68
11065;2019.01.14;10:48;10846.3;10849.6;10843.8;10848.8;76
11066;2019.01.14;10:49;10849.1;10850.2;10845.7;10848.6;61
11067;2019.01.14;10:50;10848.3;10849.9;10845.7;10845.7;75
11068;2019.01.14;10:51;10845.2;10845.7;10837.8;10839.1;101
11069;2019.01.14;10:52;10838.8;10842.6;10834.8;10835.3;88
11070;2019.01.14;10:53;10835.8;10839.3;10835.8;10839.2;56
11071;2019.01.14;10:54;10839.5;10840.7;10838.2;10839.0;46
11072;2019.01.14;10:55;10838.7;10840.5;10834.2;10836.9;65
11073;2019.01.14;10:56;10837.4;10837.4;10827.2;10829.2;107
11074;2019.01.14;10:57;10829.0;10831.1;10826.4;10829.9;95
11075;2019.01.14;10:58;10830.2;10830.4;10826.7;10829.2;71
11076;2019.01.14;10:59;10829.5;10830.2;10824.3;10825.3;57
11077;2019.01.14;11:00;10825.0;10826.8;10823.3;10823.3;76
11796;2019.01.14;22:59;10869.5;10871.7;10867.7;10870.0;40
12235;2019.01.15;09:00;10936.4;10938.1;10922.6;10923.1;86
12236;2019.01.15;09:01;10923.4;10931.1;10923.4;10926.2;55
12237;2019.01.15;09:02;10926.5;10927.2;10923.5;10925.7;50
12238;2019.01.15;09:03;10925.2;10933.5;10925.2;10931.9;47
12239;2019.01.15;09:04;10932.4;10932.4;10929.1;10930.4;31
12240;2019.01.15;09:05;10929.9;10933.6;10929.6;10932.6;43
12241;2019.01.15;09:06;10932.8;10948.4;10932.4;10945.6;59
12242;2019.01.15;09:07;10945.1;10947.1;10941.1;10941.7;43
12243;2019.01.15;09:08;10941.4;10945.4;10941.4;10944.7;28
12244;2019.01.15;09:09;10944.9;10947.0;10942.7;10944.2;40
12245;2019.01.15;09:10;10943.7;10945.9;10942.7;10942.7;29
12246;2019.01.15;09:11;10943.7;10950.0;10943.7;10949.0;38
12247;2019.01.15;09:12;10949.5;10959.5;10949.5;10956.0;78
12248;2019.01.15;09:13;10956.5;10959.0;10953.4;10954.4;53
12249;2019.01.15;09:14;10954.6;10954.6;10951.9;10953.5;29
12250;2019.01.15;09:15;10953.3;10957.8;10951.4;10952.4;36
12251;2019.01.15;09:16;10952.6;10952.6;10949.4;10952.4;35
12252;2019.01.15;09:17;10952.7;10953.2;10948.8;10949.3;22
12253;2019.01.15;09:18;10950.0;10952.2;10949.7;10951.5;20
12254;2019.01.15;09:19;10951.7;10954.2;10950.4;10950.9;38
12255;2019.01.15;09:20;10950.7;10952.2;10948.4;10948.9;40
12256;2019.01.15;09:21;10949.2;10949.9;10946.2;10946.7;41
12257;2019.01.15;09:22;10947.5;10947.5;10945.5;10947.5;22
12258;2019.01.15;09:23;10947.7;10948.5;10945.5;10947.0;23
12259;2019.01.15;09:24;10947.5;10950.0;10947.5;10949.7;22
12260;2019.01.15;09:25;10949.5;10949.5;10943.5;10944.4;34
12261;2019.01.15;09:26;10944.1;10945.7;10943.1;10944.0;25
12262;2019.01.15;09:27;10943.7;10946.4;10943.7;10944.4;21
12263;2019.01.15;09:28;10945.1;10945.4;10942.6;10943.6;28
12264;2019.01.15;09:29;10943.1;10946.2;10942.6;10944.2;23
12265;2019.01.15;09:30;10945.0;10945.9;10941.4;10941.6;31
12266;2019.01.15;09:31;10941.9;10945.0;10940.9;10945.0;37
12267;2019.01.15;09:32;10945.7;10946.5;10944.9;10945.1;26
12268;2019.01.15;09:33;10945.4;10950.3;10945.4;10949.8;24
12269;2019.01.15;09:34;10950.0;10950.1;10945.0;10945.0;34
12270;2019.01.15;09:35;10944.7;10944.7;10941.7;10943.1;45
12271;2019.01.15;09:36;10942.9;10944.1;10942.1;10942.3;22
12272;2019.01.15;09:37;10942.6;10944.6;10942.6;10943.9;17
12273;2019.01.15;09:38;10943.6;10944.4;10940.7;10941.7;25
12274;2019.01.15;09:39;10942.0;10942.0;10940.2;10941.0;24
12275;2019.01.15;09:40;10941.2;10941.2;10936.4;10936.4;56
12276;2019.01.15;09:41;10936.9;10940.6;10936.1;10938.9;40
12277;2019.01.15;09:42;10938.6;10940.1;10937.6;10938.7;29
12278;2019.01.15;09:43;10939.0;10941.5;10938.7;10941.5;21
12279;2019.01.15;09:44;10941.0;10943.2;10941.0;10942.0;26
12280;2019.01.15;09:45;10942.2;10942.7;10939.2;10941.8;26
12281;2019.01.15;09:46;10940.8;10942.1;10940.8;10941.6;17
12282;2019.01.15;09:47;10941.3;10941.5;10939.2;10941.5;21
12283;2019.01.15;09:48;10941.0;10941.2;10939.5;10941.2;13
12284;2019.01.15;09:49;10941.7;10943.0;10939.2;10939.2;23
12285;2019.01.15;09:50;10939.5;10939.5;10938.4;10939.4;17
12286;2019.01.15;09:51;10939.2;10939.2;10934.1;10935.9;56
12287;2019.01.15;09:52;10936.2;10938.9;10935.7;10938.8;28
12288;2019.01.15;09:53;10938.5;10939.0;10938.0;10938.8;6
12289;2019.01.15;09:54;10938.1;10942.0;10938.1;10942.0;30
12290;2019.01.15;09:55;10941.0;10946.2;10940.5;10945.4;38
12291;2019.01.15;09:56;10945.7;10949.2;10945.4;10947.0;35
12292;2019.01.15;09:57;10947.2;10949.0;10945.0;10945.0;26
12293;2019.01.15;09:58;10945.5;10945.5;10941.4;10942.4;38
12294;2019.01.15;09:59;10941.7;10945.8;10939.7;10944.0;63
12295;2019.01.15;10:00;10943.5;10951.9;10938.3;10951.1;171
12296;2019.01.15;10:01;10950.9;10970.6;10950.9;10966.6;196
12297;2019.01.15;10:02;10965.9;10970.0;10962.1;10969.5;134
12298;2019.01.15;10:03;10969.0;10969.0;10959.7;10959.7;118
12299;2019.01.15;10:04;10959.4;10967.8;10957.4;10965.3;124
12300;2019.01.15;10:05;10965.8;10966.3;10960.4;10962.4;119
12301;2019.01.15;10:06;10963.4;10970.9;10961.4;10970.4;135
12302;2019.01.15;10:07;10970.9;10971.9;10966.9;10968.9;122
12303;2019.01.15;10:08;10969.2;10981.7;10968.9;10981.2;153
12304;2019.01.15;10:09;10980.4;10995.1;10978.7;10990.3;184
12305;2019.01.15;10:10;10990.1;10994.6;10986.5;10987.0;154
12306;2019.01.15;10:11;10986.8;10988.2;10983.0;10987.5;111
12307;2019.01.15;10:12;10987.7;10987.7;10982.2;10984.2;91
12308;2019.01.15;10:13;10984.5;10990.7;10983.0;10987.2;93
12309;2019.01.15;10:14;10986.4;10987.9;10978.7;10979.4;131
12310;2019.01.15;10:15;10979.2;10983.9;10978.7;10981.2;99
12311;2019.01.15;10:16;10981.0;10983.2;10978.0;10979.2;91
12312;2019.01.15;10:17;10979.7;10984.2;10978.0;10979.7;112
12313;2019.01.15;10:18;10980.0;10980.2;10974.5;10975.6;114
12314;2019.01.15;10:19;10975.9;10977.7;10973.2;10974.2;90
12315;2019.01.15;10:20;10974.7;10975.9;10971.6;10972.1;86
12316;2019.01.15;10:21;10971.8;10971.8;10957.4;10963.9;183
12317;2019.01.15;10:22;10964.4;10968.1;10960.3;10960.3;90
12318;2019.01.15;10:23;10960.0;10960.5;10952.3;10952.8;126
12319;2019.01.15;10:24;10953.1;10960.9;10952.3;10955.9;128
12320;2019.01.15;10:25;10956.2;10957.0;10946.7;10950.0;94
12321;2019.01.15;10:26;10949.2;10950.7;10946.2;10947.9;111
12322;2019.01.15;10:27;10948.9;10949.9;10933.0;10935.8;164
12323;2019.01.15;10:28;10936.0;10944.8;10936.0;10943.5;116
12324;2019.01.15;10:29;10943.8;10945.0;10933.8;10935.6;105
12325;2019.01.15;10:30;10934.6;10935.8;10904.7;10913.7;226
12326;2019.01.15;10:31;10914.1;10919.4;10910.4;10914.5;172
12327;2019.01.15;10:32;10914.0;10915.5;10907.3;10908.8;139
12328;2019.01.15;10:33;10908.0;10919.6;10908.0;10917.3;108
12329;2019.01.15;10:34;10917.6;10918.3;10910.4;10913.4;104
12330;2019.01.15;10:35;10910.9;10910.9;10903.4;10909.2;121
12331;2019.01.15;10:36;10909.7;10912.0;10904.0;10906.4;114
12332;2019.01.15;10:37;10905.1;10914.1;10905.1;10912.8;105
12333;2019.01.15;10:38;10909.3;10911.3;10907.3;10910.3;97
12334;2019.01.15;10:39;10910.5;10913.2;10908.7;10912.5;69
12335;2019.01.15;10:40;10912.2;10922.5;10912.2;10922.2;118
12336;2019.01.15;10:41;10922.0;10925.5;10917.5;10917.5;109
12337;2019.01.15;10:42;10918.0;10923.0;10916.5;10921.5;75
12338;2019.01.15;10:43;10921.2;10921.2;10917.5;10920.0;55
12339;2019.01.15;10:44;10920.7;10925.7;10918.5;10925.7;98
12340;2019.01.15;10:45;10925.4;10926.6;10921.4;10926.3;99
12341;2019.01.15;10:46;10925.8;10927.6;10920.5;10921.5;87
12342;2019.01.15;10:47;10921.0;10925.8;10919.8;10924.3;63
12343;2019.01.15;10:48;10924.8;10929.1;10923.5;10927.4;85
12344;2019.01.15;10:49;10927.6;10928.4;10920.3;10925.6;86
12345;2019.01.15;10:50;10925.3;10925.3;10919.7;10920.6;73
12346;2019.01.15;10:51;10920.1;10922.9;10909.1;10922.6;131
12347;2019.01.15;10:52;10923.1;10933.0;10922.1;10931.3;124
12348;2019.01.15;10:53;10931.8;10931.8;10921.8;10927.3;95
12349;2019.01.15;10:54;10927.6;10929.1;10925.6;10925.6;57
12350;2019.01.15;10:55;10925.9;10929.1;10925.1;10926.6;60
12351;2019.01.15;10:56;10926.8;10926.8;10922.3;10923.0;74
12352;2019.01.15;10:57;10922.8;10927.8;10912.8;10924.5;124
12353;2019.01.15;10:58;10924.0;10925.0;10921.3;10921.5;61
12354;2019.01.15;10:59;10921.3;10922.5;10917.5;10920.2;79
12355;2019.01.15;11:00;10919.4;10920.2;10898.8;10900.8;113
13073;2019.01.15;22:59;10904.0;10908.8;10903.8;10908.5;55
13553;2019.01.16;09:00;10926.2;10937.0;10922.9;10936.8;85
13554;2019.01.16;09:01;10938.0;10939.3;10933.0;10934.0;57
13555;2019.01.16;09:02;10933.7;10934.0;10930.7;10932.2;24
13556;2019.01.16;09:03;10932.3;10936.8;10928.0;10930.3;57
13557;2019.01.16;09:04;10930.2;10930.2;10925.7;10929.5;43
13558;2019.01.16;09:05;10929.0;10930.2;10927.1;10928.2;29
13559;2019.01.16;09:06;10929.2;10938.3;10928.7;10936.0;53
13560;2019.01.16;09:07;10936.9;10941.7;10936.4;10941.7;51
13561;2019.01.16;09:08;10941.9;10941.9;10937.9;10938.4;30
13562;2019.01.16;09:09;10937.9;10941.8;10936.5;10941.8;31
13563;2019.01.16;09:10;10942.3;10943.3;10940.0;10940.3;47
13564;2019.01.16;09:11;10940.5;10942.8;10940.3;10941.9;23
13565;2019.01.16;09:12;10942.2;10942.2;10939.9;10942.2;18
13566;2019.01.16;09:13;10941.7;10943.4;10941.7;10942.2;22
13567;2019.01.16;09:14;10942.4;10942.4;10939.5;10940.0;23
13568;2019.01.16;09:15;10939.7;10940.3;10939.0;10939.6;17
13569;2019.01.16;09:16;10940.1;10943.7;10939.7;10940.0;40
13570;2019.01.16;09:17;10940.5;10940.5;10936.2;10940.4;36
13571;2019.01.16;09:18;10939.7;10939.7;10937.2;10937.2;29
13572;2019.01.16;09:19;10936.4;10939.0;10935.5;10937.5;30
13573;2019.01.16;09:20;10938.0;10938.0;10933.4;10933.7;29
13574;2019.01.16;09:21;10934.2;10934.8;10931.1;10931.6;38
13575;2019.01.16;09:22;10931.3;10932.8;10930.6;10932.2;34
13576;2019.01.16;09:23;10931.9;10932.7;10929.9;10929.9;33
13577;2019.01.16;09:24;10930.7;10931.7;10930.2;10931.2;16
13578;2019.01.16;09:25;10932.2;10936.8;10932.2;10936.3;41
13579;2019.01.16;09:26;10935.8;10936.3;10933.7;10934.2;18
13580;2019.01.16;09:27;10934.4;10934.4;10931.7;10932.9;25
13581;2019.01.16;09:28;10932.7;10933.2;10930.0;10930.2;30
13582;2019.01.16;09:29;10930.0;10930.2;10923.0;10926.5;63
13583;2019.01.16;09:30;10925.7;10926.7;10923.7;10924.7;39
13584;2019.01.16;09:31;10923.7;10928.2;10923.7;10924.7;32
13585;2019.01.16;09:32;10925.7;10928.0;10925.7;10928.0;23
13586;2019.01.16;09:33;10928.2;10929.6;10928.0;10928.3;31
13587;2019.01.16;09:34;10928.8;10929.3;10927.0;10927.7;23
13588;2019.01.16;09:35;10927.5;10927.5;10924.1;10926.1;25
13589;2019.01.16;09:36;10925.6;10926.8;10919.8;10919.8;42
13590;2019.01.16;09:37;10920.1;10923.0;10918.6;10922.5;47
13591;2019.01.16;09:38;10923.0;10925.0;10921.9;10921.9;30
13592;2019.01.16;09:39;10921.1;10923.7;10920.9;10922.7;15
13593;2019.01.16;09:40;10923.2;10926.7;10921.7;10923.2;34
13594;2019.01.16;09:41;10922.9;10926.1;10922.6;10924.1;39
13595;2019.01.16;09:42;10924.6;10928.4;10924.6;10926.9;32
13596;2019.01.16;09:43;10926.5;10929.9;10926.5;10929.9;19
13597;2019.01.16;09:44;10929.7;10929.7;10928.2;10929.6;20
13598;2019.01.16;09:45;10929.1;10933.2;10928.6;10933.2;31
13599;2019.01.16;09:46;10934.0;10935.0;10932.4;10932.4;33
13600;2019.01.16;09:47;10932.7;10933.2;10928.0;10929.0;32
13601;2019.01.16;09:48;10929.2;10930.5;10929.0;10929.2;22
13602;2019.01.16;09:49;10929.0;10931.8;10929.0;10931.8;29
13603;2019.01.16;09:50;10932.8;10934.0;10932.5;10932.7;30
13604;2019.01.16;09:51;10933.2;10934.2;10930.4;10933.7;28
13605;2019.01.16;09:52;10932.9;10935.3;10931.3;10935.1;32
13606;2019.01.16;09:53;10934.8;10936.9;10934.1;10936.9;19
13607;2019.01.16;09:54;10936.4;10937.7;10934.4;10935.4;38
13608;2019.01.16;09:55;10935.9;10937.2;10935.4;10936.2;16
13609;2019.01.16;09:56;10936.0;10936.7;10934.4;10934.4;11
13610;2019.01.16;09:57;10933.7;10936.7;10933.4;10935.4;39
13611;2019.01.16;09:58;10935.9;10939.2;10934.0;10935.8;42
13612;2019.01.16;09:59;10935.5;10936.0;10930.8;10930.8;61
13613;2019.01.16;10:00;10930.5;10942.7;10927.5;10938.0;116
13614;2019.01.16;10:01;10937.2;10945.3;10934.0;10943.3;68
13615;2019.01.16;10:02;10942.0;10942.0;10921.8;10922.0;111
13616;2019.01.16;10:03;10921.5;10931.6;10921.0;10927.1;99
13617;2019.01.16;10:04;10927.9;10930.6;10918.8;10923.3;110
13618;2019.01.16;10:05;10925.3;10935.9;10925.3;10931.5;65
13619;2019.01.16;10:06;10931.8;10937.7;10930.1;10930.6;83
13620;2019.01.16;10:07;10930.4;10933.4;10923.9;10924.5;81
13621;2019.01.16;10:08;10924.2;10926.0;10914.8;10915.5;123
13622;2019.01.16;10:09;10915.0;10916.3;10910.7;10913.9;112
13623;2019.01.16;10:10;10913.7;10926.2;10913.7;10922.2;147
13624;2019.01.16;10:11;10922.0;10924.3;10920.7;10921.3;77
13625;2019.01.16;10:12;10921.6;10924.8;10919.9;10919.9;58
13626;2019.01.16;10:13;10918.9;10923.8;10918.3;10921.6;97
13627;2019.01.16;10:14;10921.9;10922.9;10915.4;10918.7;118
13628;2019.01.16;10:15;10918.5;10922.7;10913.2;10916.5;102
13629;2019.01.16;10:16;10917.5;10918.2;10909.6;10909.6;99
13630;2019.01.16;10:17;10909.3;10911.6;10901.1;10901.6;148
13631;2019.01.16;10:18;10901.4;10906.9;10899.2;10905.9;85
13632;2019.01.16;10:19;10906.4;10907.4;10903.7;10906.5;78
13633;2019.01.16;10:20;10906.7;10911.0;10905.7;10908.5;99
13634;2019.01.16;10:21;10905.5;10906.5;10896.6;10901.1;119
13635;2019.01.16;10:22;10900.1;10901.3;10894.9;10898.6;97
13636;2019.01.16;10:23;10898.4;10899.6;10891.9;10897.9;107
13637;2019.01.16;10:24;10897.4;10901.6;10895.9;10900.9;78
13638;2019.01.16;10:25;10900.6;10903.3;10898.6;10902.8;74
13639;2019.01.16;10:26;10902.3;10903.8;10899.8;10903.3;70
13640;2019.01.16;10:27;10903.5;10907.1;10900.6;10901.4;89
13641;2019.01.16;10:28;10902.4;10902.9;10896.9;10902.2;87
13642;2019.01.16;10:29;10902.7;10912.3;10902.7;10911.6;142
13643;2019.01.16;10:30;10912.6;10914.8;10910.7;10913.4;89
13644;2019.01.16;10:31;10912.9;10914.0;10909.7;10911.7;89
13645;2019.01.16;10:32;10911.5;10914.7;10911.5;10913.9;55
13646;2019.01.16;10:33;10913.7;10915.9;10908.5;10908.7;62
13647;2019.01.16;10:34;10909.5;10911.0;10905.3;10908.5;85
13648;2019.01.16;10:35;10908.0;10908.0;10901.8;10904.0;112
13649;2019.01.16;10:36;10904.8;10904.8;10899.5;10901.7;88
13650;2019.01.16;10:37;10902.2;10905.5;10902.2;10902.3;66
13651;2019.01.16;10:38;10902.6;10904.6;10900.4;10900.9;55
13652;2019.01.16;10:39;10901.1;10908.6;10900.4;10906.6;73
13653;2019.01.16;10:40;10906.8;10911.7;10905.8;10908.0;96
13654;2019.01.16;10:41;10908.5;10910.7;10908.0;10910.1;60
13655;2019.01.16;10:42;10910.6;10911.8;10903.7;10904.5;81
13656;2019.01.16;10:43;10905.2;10910.2;10905.0;10910.0;63
13657;2019.01.16;10:44;10910.2;10910.5;10904.3;10905.1;63
13658;2019.01.16;10:45;10905.3;10905.3;10901.1;10902.6;86
13659;2019.01.16;10:46;10902.9;10908.6;10902.9;10904.9;77
13660;2019.01.16;10:47;10904.6;10906.4;10898.2;10899.4;64
13661;2019.01.16;10:48;10898.7;10900.3;10895.4;10897.3;89
13662;2019.01.16;10:49;10897.6;10899.4;10892.4;10894.6;111
13663;2019.01.16;10:50;10894.9;10897.4;10890.9;10896.1;80
13664;2019.01.16;10:51;10895.9;10898.0;10892.1;10893.1;67
13665;2019.01.16;10:52;10892.6;10899.7;10892.6;10896.7;70
13666;2019.01.16;10:53;10897.0;10898.2;10886.9;10890.9;95
13667;2019.01.16;10:54;10890.7;10892.9;10888.6;10888.7;67
13668;2019.01.16;10:55;10888.2;10888.7;10879.5;10879.7;115
13669;2019.01.16;10:56;10879.5;10883.7;10876.7;10880.7;98
13670;2019.01.16;10:57;10881.2;10882.9;10878.5;10881.4;68
13671;2019.01.16;10:58;10881.2;10883.9;10879.9;10881.4;76
13672;2019.01.16;10:59;10881.9;10886.6;10881.9;10885.6;73
13673;2019.01.16;11:00;10886.1;10886.6;10882.0;10885.5;68
14392;2019.01.16;22:59;10930.6;10935.4;10930.6;10934.9;74
14867;2019.01.17;09:00;10875.2;10882.3;10875.2;10881.8;76
14868;2019.01.17;09:01;10882.0;10886.4;10881.3;10885.7;60
14869;2019.01.17;09:02;10884.4;10884.9;10876.2;10878.4;43
14870;2019.01.17;09:03;10878.2;10881.2;10876.7;10880.5;63
14871;2019.01.17;09:04;10880.8;10883.0;10879.5;10882.2;36
14872;2019.01.17;09:05;10881.9;10882.7;10876.4;10878.7;54
14873;2019.01.17;09:06;10879.7;10881.2;10877.9;10880.5;37
14874;2019.01.17;09:07;10880.8;10881.0;10879.3;10880.9;33
14875;2019.01.17;09:08;10881.2;10881.4;10879.7;10880.6;26
14876;2019.01.17;09:09;10880.1;10882.6;10880.1;10882.1;24
14877;2019.01.17;09:10;10881.9;10883.5;10881.0;10882.7;24
14878;2019.01.17;09:11;10883.0;10886.0;10883.0;10885.5;43
14879;2019.01.17;09:12;10885.2;10885.7;10882.1;10882.9;37
14880;2019.01.17;09:13;10883.1;10885.2;10881.2;10882.1;45
14881;2019.01.17;09:14;10881.6;10881.6;10871.5;10874.1;78
14882;2019.01.17;09:15;10873.9;10877.0;10872.6;10875.7;56
14883;2019.01.17;09:16;10875.0;10878.9;10875.0;10876.1;39
14884;2019.01.17;09:17;10876.4;10876.4;10873.7;10875.7;30
14885;2019.01.17;09:18;10876.2;10877.8;10875.1;10877.8;25
14886;2019.01.17;09:19;10878.3;10881.2;10877.4;10881.2;26
14887;2019.01.17;09:20;10880.2;10880.7;10877.2;10878.4;30
14888;2019.01.17;09:21;10878.2;10880.6;10878.2;10879.6;23
14889;2019.01.17;09:22;10879.1;10879.1;10877.1;10878.6;21
14890;2019.01.17;09:23;10878.4;10878.4;10868.9;10870.0;77
14891;2019.01.17;09:24;10869.5;10870.1;10866.4;10866.9;49
14892;2019.01.17;09:25;10867.4;10867.6;10862.9;10864.1;73
14893;2019.01.17;09:26;10864.9;10870.4;10864.6;10868.5;55
14894;2019.01.17;09:27;10868.2;10871.2;10868.0;10870.1;36
14895;2019.01.17;09:28;10869.9;10870.9;10867.5;10867.5;32
14896;2019.01.17;09:29;10868.0;10871.5;10867.7;10871.0;24
14897;2019.01.17;09:30;10871.2;10871.2;10868.7;10869.7;30
14898;2019.01.17;09:31;10869.6;10870.8;10868.9;10869.6;24
14899;2019.01.17;09:32;10869.1;10870.6;10869.1;10870.1;25
14900;2019.01.17;09:33;10870.3;10873.3;10869.8;10871.3;21
14901;2019.01.17;09:34;10873.6;10875.4;10873.6;10875.1;45
14902;2019.01.17;09:35;10874.9;10875.4;10871.6;10872.6;41
14903;2019.01.17;09:36;10872.3;10872.3;10867.3;10869.0;40
14904;2019.01.17;09:37;10868.5;10869.5;10866.3;10868.6;39
14905;2019.01.17;09:38;10868.3;10868.3;10865.4;10866.7;40
14906;2019.01.17;09:39;10866.4;10873.0;10866.4;10873.0;35
14907;2019.01.17;09:40;10872.7;10875.2;10871.2;10873.7;38
14908;2019.01.17;09:41;10873.2;10874.2;10867.9;10871.1;45
14909;2019.01.17;09:42;10870.4;10870.9;10865.1;10867.6;56
14910;2019.01.17;09:43;10867.1;10867.1;10854.3;10856.5;95
14911;2019.01.17;09:44;10856.7;10861.2;10853.7;10860.2;106
14912;2019.01.17;09:45;10861.2;10861.2;10856.2;10860.1;62
14913;2019.01.17;09:46;10860.3;10861.5;10858.5;10859.7;50
14914;2019.01.17;09:47;10859.5;10862.2;10859.0;10862.2;35
14915;2019.01.17;09:48;10861.9;10862.2;10858.7;10860.6;50
14916;2019.01.17;09:49;10860.9;10862.0;10859.6;10859.6;29
14917;2019.01.17;09:50;10859.4;10860.3;10855.2;10855.7;41
14918;2019.01.17;09:51;10855.4;10859.4;10855.2;10858.4;62
14919;2019.01.17;09:52;10859.4;10860.6;10858.2;10860.6;44
14920;2019.01.17;09:53;10860.3;10860.7;10858.2;10860.0;31
14921;2019.01.17;09:54;10860.5;10863.3;10860.1;10862.8;32
14922;2019.01.17;09:55;10862.3;10862.7;10857.2;10859.4;59
14923;2019.01.17;09:56;10858.6;10859.2;10854.1;10858.5;43
14924;2019.01.17;09:57;10859.0;10861.5;10854.7;10854.7;61
14925;2019.01.17;09:58;10854.9;10856.2;10850.7;10853.7;59
14926;2019.01.17;09:59;10854.2;10858.4;10854.2;10857.6;65
14927;2019.01.17;10:00;10857.8;10863.1;10847.4;10852.9;209
14928;2019.01.17;10:01;10852.7;10855.7;10844.9;10849.3;193
14929;2019.01.17;10:02;10849.6;10854.8;10845.0;10845.8;165
14930;2019.01.17;10:03;10846.0;10857.6;10841.2;10853.4;167
14931;2019.01.17;10:04;10853.6;10854.4;10845.1;10854.4;143
14932;2019.01.17;10:05;10854.6;10857.7;10847.9;10856.2;172
14933;2019.01.17;10:06;10856.7;10862.2;10853.6;10854.3;148
14934;2019.01.17;10:07;10853.6;10857.5;10852.6;10853.3;108
14935;2019.01.17;10:08;10853.1;10853.6;10847.6;10848.8;134
14936;2019.01.17;10:09;10848.6;10854.2;10844.0;10853.7;154
14937;2019.01.17;10:10;10855.5;10856.5;10845.3;10845.3;132
14938;2019.01.17;10:11;10845.1;10852.7;10843.1;10850.0;156
14939;2019.01.17;10:12;10850.5;10850.5;10837.4;10839.1;169
14940;2019.01.17;10:13;10838.6;10842.2;10838.1;10841.9;99
14941;2019.01.17;10:14;10841.4;10849.5;10841.4;10844.5;141
14942;2019.01.17;10:15;10845.2;10845.5;10829.1;10829.1;155
14943;2019.01.17;10:16;10828.6;10830.6;10821.4;10824.4;197
14944;2019.01.17;10:17;10824.6;10826.1;10820.6;10826.1;155
14945;2019.01.17;10:18;10825.9;10833.8;10824.9;10831.8;157
14946;2019.01.17;10:19;10831.6;10832.6;10827.2;10831.6;120
14947;2019.01.17;10:20;10831.8;10832.6;10826.8;10828.6;104
14948;2019.01.17;10:21;10828.8;10831.8;10824.0;10829.2;109
14949;2019.01.17;10:22;10829.4;10829.4;10825.2;10829.0;109
14950;2019.01.17;10:23;10829.2;10831.2;10826.1;10828.4;111
14951;2019.01.17;10:24;10827.9;10829.4;10822.9;10828.4;125
14952;2019.01.17;10:25;10828.2;10830.1;10823.3;10826.1;113
14953;2019.01.17;10:26;10826.6;10836.6;10825.4;10835.1;137
14954;2019.01.17;10:27;10835.4;10837.4;10828.2;10831.5;123
14955;2019.01.17;10:28;10831.0;10834.5;10829.1;10829.1;110
14956;2019.01.17;10:29;10829.3;10834.1;10828.9;10830.8;92
14957;2019.01.17;10:30;10830.6;10836.1;10829.3;10834.3;101
14958;2019.01.17;10:31;10834.8;10838.3;10831.1;10833.3;103
14959;2019.01.17;10:32;10834.6;10847.3;10834.6;10845.8;168
14960;2019.01.17;10:33;10846.0;10847.8;10844.0;10844.9;102
14961;2019.01.17;10:34;10845.7;10845.7;10841.2;10844.2;95
14962;2019.01.17;10:35;10844.7;10850.0;10841.0;10844.0;106
14963;2019.01.17;10:36;10843.7;10844.5;10841.0;10841.7;98
14964;2019.01.17;10:37;10842.2;10844.5;10841.0;10842.7;65
14965;2019.01.17;10:38;10843.5;10844.0;10837.5;10837.5;83
14966;2019.01.17;10:39;10837.8;10839.0;10831.0;10832.0;104
14967;2019.01.17;10:40;10831.2;10835.6;10830.2;10835.6;122
14968;2019.01.17;10:41;10835.4;10835.9;10830.6;10835.6;82
14969;2019.01.17;10:42;10835.8;10840.8;10835.3;10839.2;89
14970;2019.01.17;10:43;10838.7;10846.5;10838.7;10845.7;104
14971;2019.01.17;10:44;10845.4;10846.2;10843.2;10844.2;70
14972;2019.01.17;10:45;10844.7;10847.9;10842.2;10847.6;77
14973;2019.01.17;10:46;10848.4;10850.9;10847.9;10850.8;74
14974;2019.01.17;10:47;10851.1;10859.8;10848.8;10858.1;130
14975;2019.01.17;10:48;10858.6;10865.3;10858.6;10862.0;132
14976;2019.01.17;10:49;10861.5;10864.7;10860.2;10860.7;99
14977;2019.01.17;10:50;10860.4;10862.0;10856.3;10856.3;98
14978;2019.01.17;10:51;10855.8;10863.9;10855.5;10861.4;95
14979;2019.01.17;10:52;10861.9;10880.8;10857.9;10878.6;149
14980;2019.01.17;10:53;10878.3;10879.1;10870.9;10877.1;137
14981;2019.01.17;10:54;10877.6;10883.6;10875.6;10881.9;126
14982;2019.01.17;10:55;10882.9;10891.6;10881.1;10885.8;166
14983;2019.01.17;10:56;10886.1;10889.1;10882.8;10885.9;113
14984;2019.01.17;10:57;10885.7;10885.7;10879.6;10880.8;131
14985;2019.01.17;10:58;10880.5;10885.2;10879.9;10883.4;76
14986;2019.01.17;10:59;10882.9;10885.5;10881.9;10885.5;57
14987;2019.01.17;11:00;10884.7;10887.7;10884.1;10884.9;99
15706;2019.01.17;22:59;10957.9;10963.6;10953.4;10963.6;64
16038;2019.01.18;09:00;10985.5;10987.0;10976.8;10977.3;81
16039;2019.01.18;09:01;10977.0;10982.3;10976.5;10981.1;58
16040;2019.01.18;09:02;10980.8;10985.5;10980.0;10985.5;44
16041;2019.01.18;09:03;10985.2;10985.7;10983.4;10983.5;24
16042;2019.01.18;09:04;10984.0;10985.0;10983.5;10985.0;14
16043;2019.01.18;09:05;10984.7;10985.5;10982.5;10984.3;34
16044;2019.01.18;09:06;10984.5;10985.3;10982.8;10983.8;28
16045;2019.01.18;09:07;10983.6;10984.3;10982.6;10984.3;27
16046;2019.01.18;09:08;10984.1;10987.8;10983.6;10986.8;28
16047;2019.01.18;09:09;10987.3;10987.3;10985.6;10986.3;19
16048;2019.01.18;09:10;10985.8;10989.2;10984.7;10987.7;35
16049;2019.01.18;09:11;10987.5;10991.2;10987.5;10990.7;35
16050;2019.01.18;09:12;10991.0;10991.8;10988.8;10991.6;36
16051;2019.01.18;09:13;10990.6;10991.3;10989.3;10990.3;25
16052;2019.01.18;09:14;10990.8;10991.5;10989.2;10989.7;20
16053;2019.01.18;09:15;10989.2;10989.2;10986.8;10987.0;28
16054;2019.01.18;09:16;10986.8;10986.8;10983.1;10983.8;42
16055;2019.01.18;09:17;10982.5;10982.9;10972.2;10972.2;64
16056;2019.01.18;09:18;10972.5;10977.4;10969.9;10977.4;73
16057;2019.01.18;09:19;10977.6;10978.9;10976.6;10978.1;42
16058;2019.01.18;09:20;10977.1;10977.1;10973.6;10976.4;30
16059;2019.01.18;09:21;10976.1;10978.6;10976.1;10978.1;20
16060;2019.01.18;09:22;10978.3;10978.6;10976.4;10976.4;12
16061;2019.01.18;09:23;10976.1;10976.4;10974.1;10976.4;18
16062;2019.01.18;09:24;10976.9;10979.1;10976.9;10978.6;22
16063;2019.01.18;09:25;10978.4;10978.4;10974.1;10974.6;41
16064;2019.01.18;09:26;10974.4;10975.8;10973.8;10975.8;21
16065;2019.01.18;09:27;10975.6;10979.0;10975.6;10979.0;16
16066;2019.01.18;09:28;10978.7;10980.1;10977.3;10977.3;24
16067;2019.01.18;09:29;10977.1;10977.3;10975.6;10976.6;25
16068;2019.01.18;09:30;10976.8;10978.1;10974.3;10975.1;27
16069;2019.01.18;09:31;10975.3;10975.8;10971.3;10975.8;31
16070;2019.01.18;09:32;10975.1;10979.7;10975.1;10979.2;38
16071;2019.01.18;09:33;10980.5;10982.2;10977.7;10978.0;35
16072;2019.01.18;09:34;10978.3;10978.3;10972.0;10973.3;41
16073;2019.01.18;09:35;10973.8;10973.8;10971.2;10972.2;39
16074;2019.01.18;09:36;10972.5;10973.2;10970.3;10971.1;43
16075;2019.01.18;09:37;10971.8;10975.8;10971.8;10975.0;36
16076;2019.01.18;09:38;10974.8;10979.7;10974.4;10979.7;15
16077;2019.01.18;09:39;10979.9;10980.1;10978.4;10980.1;30
16078;2019.01.18;09:40;10979.9;10980.0;10978.0;10980.0;18
16079;2019.01.18;09:41;10979.8;10979.8;10974.0;10975.5;31
16080;2019.01.18;09:42;10976.0;10976.0;10972.0;10972.5;35
16081;2019.01.18;09:43;10972.8;10975.2;10972.5;10975.1;16
16082;2019.01.18;09:44;10976.4;10978.3;10975.5;10977.5;50
16083;2019.01.18;09:45;10977.8;10982.9;10977.0;10980.2;48
16084;2019.01.18;09:46;10979.9;10983.7;10979.9;10982.5;44
16085;2019.01.18;09:47;10983.0;10987.5;10981.2;10985.5;45
16086;2019.01.18;09:48;10985.0;10985.0;10982.7;10982.7;26
16087;2019.01.18;09:49;10982.9;10984.2;10982.3;10984.2;28
16088;2019.01.18;09:50;10983.7;10987.2;10983.7;10986.6;37
16089;2019.01.18;09:51;10987.1;10987.1;10984.4;10984.4;23
16090;2019.01.18;09:52;10985.2;10985.7;10984.4;10984.4;25
16091;2019.01.18;09:53;10983.9;10985.5;10982.5;10985.5;16
16092;2019.01.18;09:54;10985.7;10986.2;10984.0;10984.6;24
16093;2019.01.18;09:55;10984.4;10986.4;10982.9;10986.4;45
16094;2019.01.18;09:56;10986.7;10990.1;10986.4;10989.1;33
16095;2019.01.18;09:57;10989.4;10990.0;10987.9;10988.3;27
16096;2019.01.18;09:58;10988.5;10990.2;10986.7;10987.2;49
16097;2019.01.18;09:59;10986.7;10991.1;10986.7;10989.9;61
16098;2019.01.18;10:00;10992.1;10992.1;10984.6;10988.8;143
16099;2019.01.18;10:01;10989.1;11001.3;10988.8;11001.3;152
16100;2019.01.18;10:02;11001.8;11007.5;10999.8;11002.8;122
16101;2019.01.18;10:03;11002.6;11003.8;10999.8;11002.0;98
16102;2019.01.18;10:04;11002.5;11003.2;10999.6;11001.8;76
16103;2019.01.18;10:05;11001.6;11011.6;11001.6;11009.9;157
16104;2019.01.18;10:06;11009.1;11012.4;11006.4;11006.4;100
16105;2019.01.18;10:07;11005.9;11009.2;11003.9;11007.9;99
16106;2019.01.18;10:08;11007.7;11010.9;11003.0;11004.5;100
16107;2019.01.18;10:09;11004.3;11006.5;11002.3;11005.1;110
16108;2019.01.18;10:10;11005.3;11009.6;11004.1;11009.0;91
16109;2019.01.18;10:11;11008.5;11008.8;11005.1;11006.1;75
16110;2019.01.18;10:12;11006.2;11007.7;10992.2;10995.2;188
16111;2019.01.18;10:13;10994.2;11004.1;10994.2;11002.0;128
16112;2019.01.18;10:14;11002.7;11013.5;11001.0;11010.3;136
16113;2019.01.18;10:15;11010.6;11019.3;11010.3;11015.8;151
16114;2019.01.18;10:16;11016.3;11020.0;11015.8;11017.9;106
16115;2019.01.18;10:17;11018.2;11020.3;11018.1;11019.5;93
16116;2019.01.18;10:18;11019.0;11021.6;11016.0;11016.3;119
16117;2019.01.18;10:19;11016.0;11017.3;11013.8;11017.3;93
16118;2019.01.18;10:20;11017.8;11022.1;11015.4;11021.6;110
16119;2019.01.18;10:21;11022.6;11023.6;11019.2;11022.7;112
16120;2019.01.18;10:22;11022.4;11022.9;11019.0;11019.3;89
16121;2019.01.18;10:23;11019.5;11020.0;11013.6;11014.5;86
16122;2019.01.18;10:24;11014.2;11023.3;11013.2;11023.3;79
16123;2019.01.18;10:25;11022.3;11026.5;11021.3;11025.7;96
16124;2019.01.18;10:26;11025.5;11029.1;11023.2;11028.9;119
16125;2019.01.18;10:27;11029.1;11029.1;11022.6;11024.1;105
16126;2019.01.18;10:28;11023.8;11026.2;11021.6;11025.1;86
16127;2019.01.18;10:29;11024.8;11025.1;11020.7;11023.1;91
16128;2019.01.18;10:30;11023.8;11026.3;11021.6;11023.2;84
16129;2019.01.18;10:31;11023.0;11023.2;11019.7;11020.0;80
16130;2019.01.18;10:32;11020.5;11020.8;11018.1;11019.6;64
16131;2019.01.18;10:33;11019.1;11020.7;11017.8;11020.4;77
16132;2019.01.18;10:34;11020.6;11022.6;11019.1;11021.8;57
16133;2019.01.18;10:35;11021.5;11025.6;11021.5;11022.5;64
16134;2019.01.18;10:36;11022.7;11023.7;11021.0;11021.2;47
16135;2019.01.18;10:37;11021.0;11023.5;11019.8;11020.0;61
16136;2019.01.18;10:38;11020.3;11021.4;11017.6;11017.6;61
16137;2019.01.18;10:39;11017.1;11018.1;11014.3;11017.1;108
16138;2019.01.18;10:40;11017.6;11017.8;11012.9;11014.2;102
16139;2019.01.18;10:41;11013.9;11014.7;11012.2;11013.9;73
16140;2019.01.18;10:42;11014.4;11016.1;11011.1;11012.8;75
16141;2019.01.18;10:43;11013.1;11016.3;11011.6;11015.0;77
16142;2019.01.18;10:44;11014.9;11015.2;11008.5;11010.3;79
16143;2019.01.18;10:45;11009.8;11010.3;11001.2;11005.4;164
16144;2019.01.18;10:46;11005.7;11006.6;11002.9;11006.4;72
16145;2019.01.18;10:47;11006.2;11011.4;11005.5;11011.4;81
16146;2019.01.18;10:48;11012.1;11013.1;11010.0;11010.0;85
16147;2019.01.18;10:49;11010.5;11011.2;11007.2;11008.2;56
16148;2019.01.18;10:50;11008.9;11011.4;11007.4;11010.6;45
16149;2019.01.18;10:51;11011.1;11016.8;11008.0;11013.8;73
16150;2019.01.18;10:52;11014.0;11015.3;11012.0;11012.0;69
16151;2019.01.18;10:53;11011.8;11013.0;11004.3;11007.8;111
16152;2019.01.18;10:54;11007.5;11010.8;11007.5;11008.0;69
16153;2019.01.18;10:55;11007.8;11007.8;11001.8;11002.6;82
16154;2019.01.18;10:56;11003.1;11007.6;11000.9;11004.6;85
16155;2019.01.18;10:57;11004.4;11009.1;11004.1;11008.6;69
16156;2019.01.18;10:58;11008.4;11012.9;11008.4;11012.9;61
16157;2019.01.18;10:59;11012.6;11012.6;11006.3;11006.3;70
16158;2019.01.18;11:00;11007.1;11010.3;11006.5;11008.8;77
